SampleID	Reference	Category	Position	Category1	Label
#q2:types	categorical	categorical	numeric	categorical	categorical
SYM2_000001	SYM2_000000	SingleMut	1	Non-polar	G
SYM2_000002	SYM2_000000	SingleMut	1	Aromatic	Y
SYM2_000003	SYM2_000000	SingleMut	1	Polar	T
SYM2_000004	SYM2_000000	SingleMut	1	Polar	S
SYM2_000005	SYM2_000000	SingleMut	1	Positive	R
SYM2_000006	SYM2_000000	SingleMut	1	Non-polar	I
SYM2_000007	SYM2_000000	SingleMut	1	Positive	H
SYM2_000008	SYM2_000000	SingleMut	1	Non-polar	L
SYM2_000009	SYM2_000000	SingleMut	1	Non-polar	V
SYM2_000010	SYM2_000000	SingleMut	1	Aromatic	F
SYM2_000011	SYM2_000000	SingleMut	1	Non-polar	M
SYM2_000012	SYM2_000000	SingleMut	1	Polar	N
SYM2_000013	SYM2_000000	SingleMut	1	Other	C
SYM2_000014	SYM2_000000	SingleMut	1	Aromatic	W
SYM2_000015	SYM2_000000	SingleMut	1	Polar	P
SYM2_000016	SYM2_000000	SingleMut	1	Non-polar	A
SYM2_000017	SYM2_000000	SingleMut	1	Polar	Q
SYM2_000018	SYM2_000000	SingleMut	1	Positive	K
SYM2_000019	SYM2_000000	SingleMut	1	Negative	D
SYM2_000020	SYM2_000000	SingleMut	2	Non-polar	G
SYM2_000021	SYM2_000000	SingleMut	2	Aromatic	Y
SYM2_000022	SYM2_000000	SingleMut	2	Polar	T
SYM2_000023	SYM2_000000	SingleMut	2	Polar	S
SYM2_000024	SYM2_000000	SingleMut	2	Positive	R
SYM2_000025	SYM2_000000	SingleMut	2	Negative	E
SYM2_000026	SYM2_000000	SingleMut	2	Non-polar	I
SYM2_000027	SYM2_000000	SingleMut	2	Positive	H
SYM2_000028	SYM2_000000	SingleMut	2	Non-polar	V
SYM2_000029	SYM2_000000	SingleMut	2	Aromatic	F
SYM2_000030	SYM2_000000	SingleMut	2	Non-polar	M
SYM2_000031	SYM2_000000	SingleMut	2	Polar	N
SYM2_000032	SYM2_000000	SingleMut	2	Other	C
SYM2_000033	SYM2_000000	SingleMut	2	Aromatic	W
SYM2_000034	SYM2_000000	SingleMut	2	Polar	P
SYM2_000035	SYM2_000000	SingleMut	2	Non-polar	A
SYM2_000036	SYM2_000000	SingleMut	2	Polar	Q
SYM2_000037	SYM2_000000	SingleMut	2	Positive	K
SYM2_000038	SYM2_000000	SingleMut	2	Negative	D
SYM2_000039	SYM2_000000	SingleMut	3	Non-polar	G
SYM2_000040	SYM2_000000	SingleMut	3	Aromatic	Y
SYM2_000041	SYM2_000000	SingleMut	3	Polar	T
SYM2_000042	SYM2_000000	SingleMut	3	Polar	S
SYM2_000043	SYM2_000000	SingleMut	3	Positive	R
SYM2_000044	SYM2_000000	SingleMut	3	Negative	E
SYM2_000045	SYM2_000000	SingleMut	3	Non-polar	I
SYM2_000046	SYM2_000000	SingleMut	3	Positive	H
SYM2_000047	SYM2_000000	SingleMut	3	Non-polar	L
SYM2_000048	SYM2_000000	SingleMut	3	Non-polar	V
SYM2_000049	SYM2_000000	SingleMut	3	Aromatic	F
SYM2_000050	SYM2_000000	SingleMut	3	Non-polar	M
SYM2_000051	SYM2_000000	SingleMut	3	Polar	N
SYM2_000052	SYM2_000000	SingleMut	3	Other	C
SYM2_000053	SYM2_000000	SingleMut	3	Aromatic	W
SYM2_000054	SYM2_000000	SingleMut	3	Polar	P
SYM2_000055	SYM2_000000	SingleMut	3	Non-polar	A
SYM2_000056	SYM2_000000	SingleMut	3	Polar	Q
SYM2_000057	SYM2_000000	SingleMut	3	Positive	K
SYM2_000058	SYM2_000000	SingleMut	4	Non-polar	G
SYM2_000059	SYM2_000000	SingleMut	4	Aromatic	Y
SYM2_000060	SYM2_000000	SingleMut	4	Polar	T
SYM2_000061	SYM2_000000	SingleMut	4	Polar	S
SYM2_000062	SYM2_000000	SingleMut	4	Positive	R
SYM2_000063	SYM2_000000	SingleMut	4	Negative	E
SYM2_000064	SYM2_000000	SingleMut	4	Non-polar	I
SYM2_000065	SYM2_000000	SingleMut	4	Positive	H
SYM2_000066	SYM2_000000	SingleMut	4	Non-polar	L
SYM2_000067	SYM2_000000	SingleMut	4	Aromatic	F
SYM2_000068	SYM2_000000	SingleMut	4	Non-polar	M
SYM2_000069	SYM2_000000	SingleMut	4	Polar	N
SYM2_000070	SYM2_000000	SingleMut	4	Other	C
SYM2_000071	SYM2_000000	SingleMut	4	Aromatic	W
SYM2_000072	SYM2_000000	SingleMut	4	Polar	P
SYM2_000073	SYM2_000000	SingleMut	4	Non-polar	A
SYM2_000074	SYM2_000000	SingleMut	4	Polar	Q
SYM2_000075	SYM2_000000	SingleMut	4	Positive	K
SYM2_000076	SYM2_000000	SingleMut	4	Negative	D
SYM2_000077	SYM2_000000	SingleMut	5	Non-polar	G
SYM2_000078	SYM2_000000	SingleMut	5	Aromatic	Y
SYM2_000079	SYM2_000000	SingleMut	5	Polar	T
SYM2_000080	SYM2_000000	SingleMut	5	Polar	S
SYM2_000081	SYM2_000000	SingleMut	5	Positive	R
SYM2_000082	SYM2_000000	SingleMut	5	Negative	E
SYM2_000083	SYM2_000000	SingleMut	5	Non-polar	I
SYM2_000084	SYM2_000000	SingleMut	5	Positive	H
SYM2_000085	SYM2_000000	SingleMut	5	Non-polar	L
SYM2_000086	SYM2_000000	SingleMut	5	Aromatic	F
SYM2_000087	SYM2_000000	SingleMut	5	Non-polar	M
SYM2_000088	SYM2_000000	SingleMut	5	Polar	N
SYM2_000089	SYM2_000000	SingleMut	5	Other	C
SYM2_000090	SYM2_000000	SingleMut	5	Aromatic	W
SYM2_000091	SYM2_000000	SingleMut	5	Polar	P
SYM2_000092	SYM2_000000	SingleMut	5	Non-polar	A
SYM2_000093	SYM2_000000	SingleMut	5	Polar	Q
SYM2_000094	SYM2_000000	SingleMut	5	Positive	K
SYM2_000095	SYM2_000000	SingleMut	5	Negative	D
SYM2_000096	SYM2_000000	SingleMut	6	Non-polar	G
SYM2_000097	SYM2_000000	SingleMut	6	Aromatic	Y
SYM2_000098	SYM2_000000	SingleMut	6	Polar	T
SYM2_000099	SYM2_000000	SingleMut	6	Polar	S
SYM2_000100	SYM2_000000	SingleMut	6	Positive	R
SYM2_000101	SYM2_000000	SingleMut	6	Non-polar	I
SYM2_000102	SYM2_000000	SingleMut	6	Positive	H
SYM2_000103	SYM2_000000	SingleMut	6	Non-polar	L
SYM2_000104	SYM2_000000	SingleMut	6	Non-polar	V
SYM2_000105	SYM2_000000	SingleMut	6	Aromatic	F
SYM2_000106	SYM2_000000	SingleMut	6	Non-polar	M
SYM2_000107	SYM2_000000	SingleMut	6	Polar	N
SYM2_000108	SYM2_000000	SingleMut	6	Other	C
SYM2_000109	SYM2_000000	SingleMut	6	Aromatic	W
SYM2_000110	SYM2_000000	SingleMut	6	Polar	P
SYM2_000111	SYM2_000000	SingleMut	6	Non-polar	A
SYM2_000112	SYM2_000000	SingleMut	6	Polar	Q
SYM2_000113	SYM2_000000	SingleMut	6	Positive	K
SYM2_000114	SYM2_000000	SingleMut	6	Negative	D
SYM2_000115	SYM2_000000	SingleMut	7	Aromatic	Y
SYM2_000116	SYM2_000000	SingleMut	7	Polar	T
SYM2_000117	SYM2_000000	SingleMut	7	Polar	S
SYM2_000118	SYM2_000000	SingleMut	7	Positive	R
SYM2_000119	SYM2_000000	SingleMut	7	Negative	E
SYM2_000120	SYM2_000000	SingleMut	7	Non-polar	I
SYM2_000121	SYM2_000000	SingleMut	7	Positive	H
SYM2_000122	SYM2_000000	SingleMut	7	Non-polar	L
SYM2_000123	SYM2_000000	SingleMut	7	Non-polar	V
SYM2_000124	SYM2_000000	SingleMut	7	Aromatic	F
SYM2_000125	SYM2_000000	SingleMut	7	Non-polar	M
SYM2_000126	SYM2_000000	SingleMut	7	Polar	N
SYM2_000127	SYM2_000000	SingleMut	7	Other	C
SYM2_000128	SYM2_000000	SingleMut	7	Aromatic	W
SYM2_000129	SYM2_000000	SingleMut	7	Polar	P
SYM2_000130	SYM2_000000	SingleMut	7	Non-polar	A
SYM2_000131	SYM2_000000	SingleMut	7	Polar	Q
SYM2_000132	SYM2_000000	SingleMut	7	Positive	K
SYM2_000133	SYM2_000000	SingleMut	7	Negative	D
SYM2_000134	SYM2_000000	SingleMut	8	Non-polar	G
SYM2_000135	SYM2_000000	SingleMut	8	Aromatic	Y
SYM2_000136	SYM2_000000	SingleMut	8	Polar	T
SYM2_000137	SYM2_000000	SingleMut	8	Polar	S
SYM2_000138	SYM2_000000	SingleMut	8	Positive	R
SYM2_000139	SYM2_000000	SingleMut	8	Negative	E
SYM2_000140	SYM2_000000	SingleMut	8	Non-polar	I
SYM2_000141	SYM2_000000	SingleMut	8	Positive	H
SYM2_000142	SYM2_000000	SingleMut	8	Non-polar	L
SYM2_000143	SYM2_000000	SingleMut	8	Non-polar	V
SYM2_000144	SYM2_000000	SingleMut	8	Aromatic	F
SYM2_000145	SYM2_000000	SingleMut	8	Polar	N
SYM2_000146	SYM2_000000	SingleMut	8	Other	C
SYM2_000147	SYM2_000000	SingleMut	8	Aromatic	W
SYM2_000148	SYM2_000000	SingleMut	8	Polar	P
SYM2_000149	SYM2_000000	SingleMut	8	Non-polar	A
SYM2_000150	SYM2_000000	SingleMut	8	Polar	Q
SYM2_000151	SYM2_000000	SingleMut	8	Positive	K
SYM2_000152	SYM2_000000	SingleMut	8	Negative	D
SYM2_000153	SYM2_000000	SingleMut	9	Non-polar	G
SYM2_000154	SYM2_000000	SingleMut	9	Aromatic	Y
SYM2_000155	SYM2_000000	SingleMut	9	Polar	T
SYM2_000156	SYM2_000000	SingleMut	9	Polar	S
SYM2_000157	SYM2_000000	SingleMut	9	Positive	R
SYM2_000158	SYM2_000000	SingleMut	9	Negative	E
SYM2_000159	SYM2_000000	SingleMut	9	Non-polar	I
SYM2_000160	SYM2_000000	SingleMut	9	Positive	H
SYM2_000161	SYM2_000000	SingleMut	9	Non-polar	L
SYM2_000162	SYM2_000000	SingleMut	9	Non-polar	V
SYM2_000163	SYM2_000000	SingleMut	9	Aromatic	F
SYM2_000164	SYM2_000000	SingleMut	9	Non-polar	M
SYM2_000165	SYM2_000000	SingleMut	9	Polar	N
SYM2_000166	SYM2_000000	SingleMut	9	Other	C
SYM2_000167	SYM2_000000	SingleMut	9	Aromatic	W
SYM2_000168	SYM2_000000	SingleMut	9	Polar	P
SYM2_000169	SYM2_000000	SingleMut	9	Non-polar	A
SYM2_000170	SYM2_000000	SingleMut	9	Positive	K
SYM2_000171	SYM2_000000	SingleMut	9	Negative	D
SYM2_000172	SYM2_000000	SingleMut	10	Non-polar	G
SYM2_000173	SYM2_000000	SingleMut	10	Aromatic	Y
SYM2_000174	SYM2_000000	SingleMut	10	Polar	T
SYM2_000175	SYM2_000000	SingleMut	10	Polar	S
SYM2_000176	SYM2_000000	SingleMut	10	Positive	R
SYM2_000177	SYM2_000000	SingleMut	10	Negative	E
SYM2_000178	SYM2_000000	SingleMut	10	Non-polar	I
SYM2_000179	SYM2_000000	SingleMut	10	Positive	H
SYM2_000180	SYM2_000000	SingleMut	10	Non-polar	L
SYM2_000181	SYM2_000000	SingleMut	10	Non-polar	V
SYM2_000182	SYM2_000000	SingleMut	10	Non-polar	M
SYM2_000183	SYM2_000000	SingleMut	10	Polar	N
SYM2_000184	SYM2_000000	SingleMut	10	Other	C
SYM2_000185	SYM2_000000	SingleMut	10	Aromatic	W
SYM2_000186	SYM2_000000	SingleMut	10	Polar	P
SYM2_000187	SYM2_000000	SingleMut	10	Non-polar	A
SYM2_000188	SYM2_000000	SingleMut	10	Polar	Q
SYM2_000189	SYM2_000000	SingleMut	10	Positive	K
SYM2_000190	SYM2_000000	SingleMut	10	Negative	D
SYM2_000191	SYM2_000000	SingleMut	11	Non-polar	G
SYM2_000192	SYM2_000000	SingleMut	11	Aromatic	Y
SYM2_000193	SYM2_000000	SingleMut	11	Polar	T
SYM2_000194	SYM2_000000	SingleMut	11	Polar	S
SYM2_000195	SYM2_000000	SingleMut	11	Positive	R
SYM2_000196	SYM2_000000	SingleMut	11	Negative	E
SYM2_000197	SYM2_000000	SingleMut	11	Non-polar	I
SYM2_000198	SYM2_000000	SingleMut	11	Positive	H
SYM2_000199	SYM2_000000	SingleMut	11	Non-polar	L
SYM2_000200	SYM2_000000	SingleMut	11	Non-polar	V
SYM2_000201	SYM2_000000	SingleMut	11	Aromatic	F
SYM2_000202	SYM2_000000	SingleMut	11	Non-polar	M
SYM2_000203	SYM2_000000	SingleMut	11	Polar	N
SYM2_000204	SYM2_000000	SingleMut	11	Other	C
SYM2_000205	SYM2_000000	SingleMut	11	Aromatic	W
SYM2_000206	SYM2_000000	SingleMut	11	Polar	P
SYM2_000207	SYM2_000000	SingleMut	11	Non-polar	A
SYM2_000208	SYM2_000000	SingleMut	11	Polar	Q
SYM2_000209	SYM2_000000	SingleMut	11	Positive	K
SYM2_000210	SYM2_000000	SingleMut	12	Non-polar	G
SYM2_000211	SYM2_000000	SingleMut	12	Aromatic	Y
SYM2_000212	SYM2_000000	SingleMut	12	Polar	T
SYM2_000213	SYM2_000000	SingleMut	12	Polar	S
SYM2_000214	SYM2_000000	SingleMut	12	Negative	E
SYM2_000215	SYM2_000000	SingleMut	12	Non-polar	I
SYM2_000216	SYM2_000000	SingleMut	12	Positive	H
SYM2_000217	SYM2_000000	SingleMut	12	Non-polar	L
SYM2_000218	SYM2_000000	SingleMut	12	Non-polar	V
SYM2_000219	SYM2_000000	SingleMut	12	Aromatic	F
SYM2_000220	SYM2_000000	SingleMut	12	Non-polar	M
SYM2_000221	SYM2_000000	SingleMut	12	Polar	N
SYM2_000222	SYM2_000000	SingleMut	12	Other	C
SYM2_000223	SYM2_000000	SingleMut	12	Aromatic	W
SYM2_000224	SYM2_000000	SingleMut	12	Polar	P
SYM2_000225	SYM2_000000	SingleMut	12	Non-polar	A
SYM2_000226	SYM2_000000	SingleMut	12	Polar	Q
SYM2_000227	SYM2_000000	SingleMut	12	Positive	K
SYM2_000228	SYM2_000000	SingleMut	12	Negative	D
SYM2_000229	SYM2_000000	SingleMut	13	Aromatic	Y
SYM2_000230	SYM2_000000	SingleMut	13	Polar	T
SYM2_000231	SYM2_000000	SingleMut	13	Polar	S
SYM2_000232	SYM2_000000	SingleMut	13	Positive	R
SYM2_000233	SYM2_000000	SingleMut	13	Negative	E
SYM2_000234	SYM2_000000	SingleMut	13	Non-polar	I
SYM2_000235	SYM2_000000	SingleMut	13	Positive	H
SYM2_000236	SYM2_000000	SingleMut	13	Non-polar	L
SYM2_000237	SYM2_000000	SingleMut	13	Non-polar	V
SYM2_000238	SYM2_000000	SingleMut	13	Aromatic	F
SYM2_000239	SYM2_000000	SingleMut	13	Non-polar	M
SYM2_000240	SYM2_000000	SingleMut	13	Polar	N
SYM2_000241	SYM2_000000	SingleMut	13	Other	C
SYM2_000242	SYM2_000000	SingleMut	13	Aromatic	W
SYM2_000243	SYM2_000000	SingleMut	13	Polar	P
SYM2_000244	SYM2_000000	SingleMut	13	Non-polar	A
SYM2_000245	SYM2_000000	SingleMut	13	Polar	Q
SYM2_000246	SYM2_000000	SingleMut	13	Positive	K
SYM2_000247	SYM2_000000	SingleMut	13	Negative	D
SYM2_000248	SYM2_000000	SingleMut	14	Non-polar	G
SYM2_000249	SYM2_000000	SingleMut	14	Polar	T
SYM2_000250	SYM2_000000	SingleMut	14	Polar	S
SYM2_000251	SYM2_000000	SingleMut	14	Positive	R
SYM2_000252	SYM2_000000	SingleMut	14	Negative	E
SYM2_000253	SYM2_000000	SingleMut	14	Non-polar	I
SYM2_000254	SYM2_000000	SingleMut	14	Positive	H
SYM2_000255	SYM2_000000	SingleMut	14	Non-polar	L
SYM2_000256	SYM2_000000	SingleMut	14	Non-polar	V
SYM2_000257	SYM2_000000	SingleMut	14	Aromatic	F
SYM2_000258	SYM2_000000	SingleMut	14	Non-polar	M
SYM2_000259	SYM2_000000	SingleMut	14	Polar	N
SYM2_000260	SYM2_000000	SingleMut	14	Other	C
SYM2_000261	SYM2_000000	SingleMut	14	Aromatic	W
SYM2_000262	SYM2_000000	SingleMut	14	Polar	P
SYM2_000263	SYM2_000000	SingleMut	14	Non-polar	A
SYM2_000264	SYM2_000000	SingleMut	14	Polar	Q
SYM2_000265	SYM2_000000	SingleMut	14	Positive	K
SYM2_000266	SYM2_000000	SingleMut	14	Negative	D
SYM2_000267	SYM2_000000	SingleMut	15	Non-polar	G
SYM2_000268	SYM2_000000	SingleMut	15	Aromatic	Y
SYM2_000269	SYM2_000000	SingleMut	15	Polar	T
SYM2_000270	SYM2_000000	SingleMut	15	Polar	S
SYM2_000271	SYM2_000000	SingleMut	15	Positive	R
SYM2_000272	SYM2_000000	SingleMut	15	Negative	E
SYM2_000273	SYM2_000000	SingleMut	15	Non-polar	I
SYM2_000274	SYM2_000000	SingleMut	15	Positive	H
SYM2_000275	SYM2_000000	SingleMut	15	Non-polar	V
SYM2_000276	SYM2_000000	SingleMut	15	Aromatic	F
SYM2_000277	SYM2_000000	SingleMut	15	Non-polar	M
SYM2_000278	SYM2_000000	SingleMut	15	Polar	N
SYM2_000279	SYM2_000000	SingleMut	15	Other	C
SYM2_000280	SYM2_000000	SingleMut	15	Aromatic	W
SYM2_000281	SYM2_000000	SingleMut	15	Polar	P
SYM2_000282	SYM2_000000	SingleMut	15	Non-polar	A
SYM2_000283	SYM2_000000	SingleMut	15	Polar	Q
SYM2_000284	SYM2_000000	SingleMut	15	Positive	K
SYM2_000285	SYM2_000000	SingleMut	15	Negative	D
SYM2_000286	SYM2_000000	SingleMut	16	Non-polar	G
SYM2_000287	SYM2_000000	SingleMut	16	Aromatic	Y
SYM2_000288	SYM2_000000	SingleMut	16	Polar	T
SYM2_000289	SYM2_000000	SingleMut	16	Positive	R
SYM2_000290	SYM2_000000	SingleMut	16	Negative	E
SYM2_000291	SYM2_000000	SingleMut	16	Non-polar	I
SYM2_000292	SYM2_000000	SingleMut	16	Positive	H
SYM2_000293	SYM2_000000	SingleMut	16	Non-polar	L
SYM2_000294	SYM2_000000	SingleMut	16	Non-polar	V
SYM2_000295	SYM2_000000	SingleMut	16	Aromatic	F
SYM2_000296	SYM2_000000	SingleMut	16	Non-polar	M
SYM2_000297	SYM2_000000	SingleMut	16	Polar	N
SYM2_000298	SYM2_000000	SingleMut	16	Other	C
SYM2_000299	SYM2_000000	SingleMut	16	Aromatic	W
SYM2_000300	SYM2_000000	SingleMut	16	Polar	P
SYM2_000301	SYM2_000000	SingleMut	16	Non-polar	A
SYM2_000302	SYM2_000000	SingleMut	16	Polar	Q
SYM2_000303	SYM2_000000	SingleMut	16	Positive	K
SYM2_000304	SYM2_000000	SingleMut	16	Negative	D
SYM2_000305	SYM2_000000	SingleMut	17	Non-polar	G
SYM2_000306	SYM2_000000	SingleMut	17	Aromatic	Y
SYM2_000307	SYM2_000000	SingleMut	17	Polar	T
SYM2_000308	SYM2_000000	SingleMut	17	Polar	S
SYM2_000309	SYM2_000000	SingleMut	17	Positive	R
SYM2_000310	SYM2_000000	SingleMut	17	Negative	E
SYM2_000311	SYM2_000000	SingleMut	17	Non-polar	I
SYM2_000312	SYM2_000000	SingleMut	17	Positive	H
SYM2_000313	SYM2_000000	SingleMut	17	Non-polar	L
SYM2_000314	SYM2_000000	SingleMut	17	Non-polar	V
SYM2_000315	SYM2_000000	SingleMut	17	Aromatic	F
SYM2_000316	SYM2_000000	SingleMut	17	Non-polar	M
SYM2_000317	SYM2_000000	SingleMut	17	Polar	N
SYM2_000318	SYM2_000000	SingleMut	17	Other	C
SYM2_000319	SYM2_000000	SingleMut	17	Aromatic	W
SYM2_000320	SYM2_000000	SingleMut	17	Non-polar	A
SYM2_000321	SYM2_000000	SingleMut	17	Polar	Q
SYM2_000322	SYM2_000000	SingleMut	17	Positive	K
SYM2_000323	SYM2_000000	SingleMut	17	Negative	D
SYM2_000324	SYM2_000000	SingleMut	18	Non-polar	G
SYM2_000325	SYM2_000000	SingleMut	18	Polar	T
SYM2_000326	SYM2_000000	SingleMut	18	Polar	S
SYM2_000327	SYM2_000000	SingleMut	18	Positive	R
SYM2_000328	SYM2_000000	SingleMut	18	Negative	E
SYM2_000329	SYM2_000000	SingleMut	18	Non-polar	I
SYM2_000330	SYM2_000000	SingleMut	18	Positive	H
SYM2_000331	SYM2_000000	SingleMut	18	Non-polar	L
SYM2_000332	SYM2_000000	SingleMut	18	Non-polar	V
SYM2_000333	SYM2_000000	SingleMut	18	Aromatic	F
SYM2_000334	SYM2_000000	SingleMut	18	Non-polar	M
SYM2_000335	SYM2_000000	SingleMut	18	Polar	N
SYM2_000336	SYM2_000000	SingleMut	18	Other	C
SYM2_000337	SYM2_000000	SingleMut	18	Aromatic	W
SYM2_000338	SYM2_000000	SingleMut	18	Polar	P
SYM2_000339	SYM2_000000	SingleMut	18	Non-polar	A
SYM2_000340	SYM2_000000	SingleMut	18	Polar	Q
SYM2_000341	SYM2_000000	SingleMut	18	Positive	K
SYM2_000342	SYM2_000000	SingleMut	18	Negative	D
SYM2_000343	SYM2_000000	SingleMut	19	Non-polar	G
SYM2_000344	SYM2_000000	SingleMut	19	Aromatic	Y
SYM2_000345	SYM2_000000	SingleMut	19	Polar	T
SYM2_000346	SYM2_000000	SingleMut	19	Polar	S
SYM2_000347	SYM2_000000	SingleMut	19	Positive	R
SYM2_000348	SYM2_000000	SingleMut	19	Negative	E
SYM2_000349	SYM2_000000	SingleMut	19	Non-polar	I
SYM2_000350	SYM2_000000	SingleMut	19	Positive	H
SYM2_000351	SYM2_000000	SingleMut	19	Non-polar	L
SYM2_000352	SYM2_000000	SingleMut	19	Non-polar	V
SYM2_000353	SYM2_000000	SingleMut	19	Non-polar	M
SYM2_000354	SYM2_000000	SingleMut	19	Polar	N
SYM2_000355	SYM2_000000	SingleMut	19	Other	C
SYM2_000356	SYM2_000000	SingleMut	19	Aromatic	W
SYM2_000357	SYM2_000000	SingleMut	19	Polar	P
SYM2_000358	SYM2_000000	SingleMut	19	Non-polar	A
SYM2_000359	SYM2_000000	SingleMut	19	Polar	Q
SYM2_000360	SYM2_000000	SingleMut	19	Positive	K
SYM2_000361	SYM2_000000	SingleMut	19	Negative	D
SYM2_000362	SYM2_000000	SingleMut	20	Non-polar	G
SYM2_000363	SYM2_000000	SingleMut	20	Aromatic	Y
SYM2_000364	SYM2_000000	SingleMut	20	Polar	T
SYM2_000365	SYM2_000000	SingleMut	20	Polar	S
SYM2_000366	SYM2_000000	SingleMut	20	Positive	R
SYM2_000367	SYM2_000000	SingleMut	20	Negative	E
SYM2_000368	SYM2_000000	SingleMut	20	Positive	H
SYM2_000369	SYM2_000000	SingleMut	20	Non-polar	L
SYM2_000370	SYM2_000000	SingleMut	20	Non-polar	V
SYM2_000371	SYM2_000000	SingleMut	20	Aromatic	F
SYM2_000372	SYM2_000000	SingleMut	20	Non-polar	M
SYM2_000373	SYM2_000000	SingleMut	20	Polar	N
SYM2_000374	SYM2_000000	SingleMut	20	Other	C
SYM2_000375	SYM2_000000	SingleMut	20	Aromatic	W
SYM2_000376	SYM2_000000	SingleMut	20	Polar	P
SYM2_000377	SYM2_000000	SingleMut	20	Non-polar	A
SYM2_000378	SYM2_000000	SingleMut	20	Polar	Q
SYM2_000379	SYM2_000000	SingleMut	20	Positive	K
SYM2_000380	SYM2_000000	SingleMut	20	Negative	D
SYM2_000381	SYM2_000000	SingleMut	21	Non-polar	G
SYM2_000382	SYM2_000000	SingleMut	21	Aromatic	Y
SYM2_000383	SYM2_000000	SingleMut	21	Polar	T
SYM2_000384	SYM2_000000	SingleMut	21	Polar	S
SYM2_000385	SYM2_000000	SingleMut	21	Positive	R
SYM2_000386	SYM2_000000	SingleMut	21	Negative	E
SYM2_000387	SYM2_000000	SingleMut	21	Non-polar	I
SYM2_000388	SYM2_000000	SingleMut	21	Positive	H
SYM2_000389	SYM2_000000	SingleMut	21	Non-polar	L
SYM2_000390	SYM2_000000	SingleMut	21	Non-polar	V
SYM2_000391	SYM2_000000	SingleMut	21	Aromatic	F
SYM2_000392	SYM2_000000	SingleMut	21	Non-polar	M
SYM2_000393	SYM2_000000	SingleMut	21	Other	C
SYM2_000394	SYM2_000000	SingleMut	21	Aromatic	W
SYM2_000395	SYM2_000000	SingleMut	21	Polar	P
SYM2_000396	SYM2_000000	SingleMut	21	Non-polar	A
SYM2_000397	SYM2_000000	SingleMut	21	Polar	Q
SYM2_000398	SYM2_000000	SingleMut	21	Positive	K
SYM2_000399	SYM2_000000	SingleMut	21	Negative	D
SYM2_000400	SYM2_000000	SingleMut	22	Non-polar	G
SYM2_000401	SYM2_000000	SingleMut	22	Aromatic	Y
SYM2_000402	SYM2_000000	SingleMut	22	Polar	T
SYM2_000403	SYM2_000000	SingleMut	22	Polar	S
SYM2_000404	SYM2_000000	SingleMut	22	Positive	R
SYM2_000405	SYM2_000000	SingleMut	22	Negative	E
SYM2_000406	SYM2_000000	SingleMut	22	Non-polar	I
SYM2_000407	SYM2_000000	SingleMut	22	Positive	H
SYM2_000408	SYM2_000000	SingleMut	22	Non-polar	L
SYM2_000409	SYM2_000000	SingleMut	22	Non-polar	V
SYM2_000410	SYM2_000000	SingleMut	22	Aromatic	F
SYM2_000411	SYM2_000000	SingleMut	22	Non-polar	M
SYM2_000412	SYM2_000000	SingleMut	22	Other	C
SYM2_000413	SYM2_000000	SingleMut	22	Aromatic	W
SYM2_000414	SYM2_000000	SingleMut	22	Polar	P
SYM2_000415	SYM2_000000	SingleMut	22	Non-polar	A
SYM2_000416	SYM2_000000	SingleMut	22	Polar	Q
SYM2_000417	SYM2_000000	SingleMut	22	Positive	K
SYM2_000418	SYM2_000000	SingleMut	22	Negative	D
SYM2_000419	SYM2_000000	SingleMut	23	Non-polar	G
SYM2_000420	SYM2_000000	SingleMut	23	Aromatic	Y
SYM2_000421	SYM2_000000	SingleMut	23	Polar	T
SYM2_000422	SYM2_000000	SingleMut	23	Polar	S
SYM2_000423	SYM2_000000	SingleMut	23	Positive	R
SYM2_000424	SYM2_000000	SingleMut	23	Negative	E
SYM2_000425	SYM2_000000	SingleMut	23	Non-polar	I
SYM2_000426	SYM2_000000	SingleMut	23	Positive	H
SYM2_000427	SYM2_000000	SingleMut	23	Non-polar	L
SYM2_000428	SYM2_000000	SingleMut	23	Non-polar	V
SYM2_000429	SYM2_000000	SingleMut	23	Aromatic	F
SYM2_000430	SYM2_000000	SingleMut	23	Non-polar	M
SYM2_000431	SYM2_000000	SingleMut	23	Polar	N
SYM2_000432	SYM2_000000	SingleMut	23	Other	C
SYM2_000433	SYM2_000000	SingleMut	23	Aromatic	W
SYM2_000434	SYM2_000000	SingleMut	23	Non-polar	A
SYM2_000435	SYM2_000000	SingleMut	23	Polar	Q
SYM2_000436	SYM2_000000	SingleMut	23	Positive	K
SYM2_000437	SYM2_000000	SingleMut	23	Negative	D
SYM2_000438	SYM2_000000	SingleMut	24	Non-polar	G
SYM2_000439	SYM2_000000	SingleMut	24	Aromatic	Y
SYM2_000440	SYM2_000000	SingleMut	24	Polar	T
SYM2_000441	SYM2_000000	SingleMut	24	Polar	S
SYM2_000442	SYM2_000000	SingleMut	24	Positive	R
SYM2_000443	SYM2_000000	SingleMut	24	Negative	E
SYM2_000444	SYM2_000000	SingleMut	24	Non-polar	I
SYM2_000445	SYM2_000000	SingleMut	24	Positive	H
SYM2_000446	SYM2_000000	SingleMut	24	Non-polar	L
SYM2_000447	SYM2_000000	SingleMut	24	Non-polar	V
SYM2_000448	SYM2_000000	SingleMut	24	Aromatic	F
SYM2_000449	SYM2_000000	SingleMut	24	Non-polar	M
SYM2_000450	SYM2_000000	SingleMut	24	Polar	N
SYM2_000451	SYM2_000000	SingleMut	24	Other	C
SYM2_000452	SYM2_000000	SingleMut	24	Aromatic	W
SYM2_000453	SYM2_000000	SingleMut	24	Polar	P
SYM2_000454	SYM2_000000	SingleMut	24	Non-polar	A
SYM2_000455	SYM2_000000	SingleMut	24	Polar	Q
SYM2_000456	SYM2_000000	SingleMut	24	Positive	K
SYM2_000457	SYM2_000000	SingleMut	25	Non-polar	G
SYM2_000458	SYM2_000000	SingleMut	25	Aromatic	Y
SYM2_000459	SYM2_000000	SingleMut	25	Polar	T
SYM2_000460	SYM2_000000	SingleMut	25	Polar	S
SYM2_000461	SYM2_000000	SingleMut	25	Positive	R
SYM2_000462	SYM2_000000	SingleMut	25	Negative	E
SYM2_000463	SYM2_000000	SingleMut	25	Non-polar	I
SYM2_000464	SYM2_000000	SingleMut	25	Positive	H
SYM2_000465	SYM2_000000	SingleMut	25	Non-polar	L
SYM2_000466	SYM2_000000	SingleMut	25	Non-polar	V
SYM2_000467	SYM2_000000	SingleMut	25	Aromatic	F
SYM2_000468	SYM2_000000	SingleMut	25	Non-polar	M
SYM2_000469	SYM2_000000	SingleMut	25	Polar	N
SYM2_000470	SYM2_000000	SingleMut	25	Other	C
SYM2_000471	SYM2_000000	SingleMut	25	Aromatic	W
SYM2_000472	SYM2_000000	SingleMut	25	Polar	P
SYM2_000473	SYM2_000000	SingleMut	25	Non-polar	A
SYM2_000474	SYM2_000000	SingleMut	25	Polar	Q
SYM2_000475	SYM2_000000	SingleMut	25	Negative	D
SYM2_000476	SYM2_000000	SingleMut	26	Non-polar	G
SYM2_000477	SYM2_000000	SingleMut	26	Aromatic	Y
SYM2_000478	SYM2_000000	SingleMut	26	Polar	T
SYM2_000479	SYM2_000000	SingleMut	26	Polar	S
SYM2_000480	SYM2_000000	SingleMut	26	Positive	R
SYM2_000481	SYM2_000000	SingleMut	26	Negative	E
SYM2_000482	SYM2_000000	SingleMut	26	Non-polar	I
SYM2_000483	SYM2_000000	SingleMut	26	Positive	H
SYM2_000484	SYM2_000000	SingleMut	26	Non-polar	L
SYM2_000485	SYM2_000000	SingleMut	26	Non-polar	V
SYM2_000486	SYM2_000000	SingleMut	26	Aromatic	F
SYM2_000487	SYM2_000000	SingleMut	26	Non-polar	M
SYM2_000488	SYM2_000000	SingleMut	26	Polar	N
SYM2_000489	SYM2_000000	SingleMut	26	Other	C
SYM2_000490	SYM2_000000	SingleMut	26	Aromatic	W
SYM2_000491	SYM2_000000	SingleMut	26	Polar	P
SYM2_000492	SYM2_000000	SingleMut	26	Non-polar	A
SYM2_000493	SYM2_000000	SingleMut	26	Positive	K
SYM2_000494	SYM2_000000	SingleMut	26	Negative	D
SYM2_000495	SYM2_000000	SingleMut	27	Non-polar	G
SYM2_000496	SYM2_000000	SingleMut	27	Aromatic	Y
SYM2_000497	SYM2_000000	SingleMut	27	Polar	T
SYM2_000498	SYM2_000000	SingleMut	27	Polar	S
SYM2_000499	SYM2_000000	SingleMut	27	Positive	R
SYM2_000500	SYM2_000000	SingleMut	27	Negative	E
SYM2_000501	SYM2_000000	SingleMut	27	Non-polar	I
SYM2_000502	SYM2_000000	SingleMut	27	Positive	H
SYM2_000503	SYM2_000000	SingleMut	27	Non-polar	L
SYM2_000504	SYM2_000000	SingleMut	27	Aromatic	F
SYM2_000505	SYM2_000000	SingleMut	27	Non-polar	M
SYM2_000506	SYM2_000000	SingleMut	27	Polar	N
SYM2_000507	SYM2_000000	SingleMut	27	Other	C
SYM2_000508	SYM2_000000	SingleMut	27	Aromatic	W
SYM2_000509	SYM2_000000	SingleMut	27	Polar	P
SYM2_000510	SYM2_000000	SingleMut	27	Non-polar	A
SYM2_000511	SYM2_000000	SingleMut	27	Polar	Q
SYM2_000512	SYM2_000000	SingleMut	27	Positive	K
SYM2_000513	SYM2_000000	SingleMut	27	Negative	D
SYM2_000514	SYM2_000000	SingleMut	28	Non-polar	G
SYM2_000515	SYM2_000000	SingleMut	28	Aromatic	Y
SYM2_000516	SYM2_000000	SingleMut	28	Polar	T
SYM2_000517	SYM2_000000	SingleMut	28	Polar	S
SYM2_000518	SYM2_000000	SingleMut	28	Positive	R
SYM2_000519	SYM2_000000	SingleMut	28	Negative	E
SYM2_000520	SYM2_000000	SingleMut	28	Non-polar	I
SYM2_000521	SYM2_000000	SingleMut	28	Positive	H
SYM2_000522	SYM2_000000	SingleMut	28	Non-polar	L
SYM2_000523	SYM2_000000	SingleMut	28	Non-polar	V
SYM2_000524	SYM2_000000	SingleMut	28	Aromatic	F
SYM2_000525	SYM2_000000	SingleMut	28	Non-polar	M
SYM2_000526	SYM2_000000	SingleMut	28	Polar	N
SYM2_000527	SYM2_000000	SingleMut	28	Other	C
SYM2_000528	SYM2_000000	SingleMut	28	Aromatic	W
SYM2_000529	SYM2_000000	SingleMut	28	Polar	P
SYM2_000530	SYM2_000000	SingleMut	28	Polar	Q
SYM2_000531	SYM2_000000	SingleMut	28	Positive	K
SYM2_000532	SYM2_000000	SingleMut	28	Negative	D
SYM2_000533	SYM2_000000	SingleMut	29	Non-polar	G
SYM2_000534	SYM2_000000	SingleMut	29	Aromatic	Y
SYM2_000535	SYM2_000000	SingleMut	29	Polar	T
SYM2_000536	SYM2_000000	SingleMut	29	Polar	S
SYM2_000537	SYM2_000000	SingleMut	29	Positive	R
SYM2_000538	SYM2_000000	SingleMut	29	Negative	E
SYM2_000539	SYM2_000000	SingleMut	29	Non-polar	I
SYM2_000540	SYM2_000000	SingleMut	29	Positive	H
SYM2_000541	SYM2_000000	SingleMut	29	Non-polar	L
SYM2_000542	SYM2_000000	SingleMut	29	Aromatic	F
SYM2_000543	SYM2_000000	SingleMut	29	Non-polar	M
SYM2_000544	SYM2_000000	SingleMut	29	Polar	N
SYM2_000545	SYM2_000000	SingleMut	29	Other	C
SYM2_000546	SYM2_000000	SingleMut	29	Aromatic	W
SYM2_000547	SYM2_000000	SingleMut	29	Polar	P
SYM2_000548	SYM2_000000	SingleMut	29	Non-polar	A
SYM2_000549	SYM2_000000	SingleMut	29	Polar	Q
SYM2_000550	SYM2_000000	SingleMut	29	Positive	K
SYM2_000551	SYM2_000000	SingleMut	29	Negative	D
SYM2_000552	SYM2_000000	SingleMut	30	Non-polar	G
SYM2_000553	SYM2_000000	SingleMut	30	Aromatic	Y
SYM2_000554	SYM2_000000	SingleMut	30	Polar	T
SYM2_000555	SYM2_000000	SingleMut	30	Polar	S
SYM2_000556	SYM2_000000	SingleMut	30	Positive	R
SYM2_000557	SYM2_000000	SingleMut	30	Negative	E
SYM2_000558	SYM2_000000	SingleMut	30	Non-polar	I
SYM2_000559	SYM2_000000	SingleMut	30	Positive	H
SYM2_000560	SYM2_000000	SingleMut	30	Non-polar	V
SYM2_000561	SYM2_000000	SingleMut	30	Aromatic	F
SYM2_000562	SYM2_000000	SingleMut	30	Non-polar	M
SYM2_000563	SYM2_000000	SingleMut	30	Polar	N
SYM2_000564	SYM2_000000	SingleMut	30	Other	C
SYM2_000565	SYM2_000000	SingleMut	30	Aromatic	W
SYM2_000566	SYM2_000000	SingleMut	30	Polar	P
SYM2_000567	SYM2_000000	SingleMut	30	Non-polar	A
SYM2_000568	SYM2_000000	SingleMut	30	Polar	Q
SYM2_000569	SYM2_000000	SingleMut	30	Positive	K
SYM2_000570	SYM2_000000	SingleMut	30	Negative	D
SYM2_000622	SYM2_000621	SingleMut	1	Non-polar	G
SYM2_000623	SYM2_000621	SingleMut	1	Aromatic	Y
SYM2_000624	SYM2_000621	SingleMut	1	Polar	T
SYM2_000625	SYM2_000621	SingleMut	1	Polar	S
SYM2_000626	SYM2_000621	SingleMut	1	Negative	E
SYM2_000627	SYM2_000621	SingleMut	1	Non-polar	I
SYM2_000628	SYM2_000621	SingleMut	1	Positive	H
SYM2_000629	SYM2_000621	SingleMut	1	Non-polar	L
SYM2_000630	SYM2_000621	SingleMut	1	Non-polar	V
SYM2_000631	SYM2_000621	SingleMut	1	Aromatic	F
SYM2_000632	SYM2_000621	SingleMut	1	Non-polar	M
SYM2_000633	SYM2_000621	SingleMut	1	Polar	N
SYM2_000634	SYM2_000621	SingleMut	1	Other	C
SYM2_000635	SYM2_000621	SingleMut	1	Aromatic	W
SYM2_000636	SYM2_000621	SingleMut	1	Polar	P
SYM2_000637	SYM2_000621	SingleMut	1	Non-polar	A
SYM2_000638	SYM2_000621	SingleMut	1	Polar	Q
SYM2_000639	SYM2_000621	SingleMut	1	Positive	K
SYM2_000640	SYM2_000621	SingleMut	1	Negative	D
SYM2_000641	SYM2_000621	SingleMut	2	Non-polar	G
SYM2_000642	SYM2_000621	SingleMut	2	Aromatic	Y
SYM2_000643	SYM2_000621	SingleMut	2	Polar	T
SYM2_000644	SYM2_000621	SingleMut	2	Polar	S
SYM2_000645	SYM2_000621	SingleMut	2	Positive	R
SYM2_000646	SYM2_000621	SingleMut	2	Negative	E
SYM2_000647	SYM2_000621	SingleMut	2	Non-polar	I
SYM2_000648	SYM2_000621	SingleMut	2	Positive	H
SYM2_000649	SYM2_000621	SingleMut	2	Non-polar	L
SYM2_000650	SYM2_000621	SingleMut	2	Aromatic	F
SYM2_000651	SYM2_000621	SingleMut	2	Non-polar	M
SYM2_000652	SYM2_000621	SingleMut	2	Polar	N
SYM2_000653	SYM2_000621	SingleMut	2	Other	C
SYM2_000654	SYM2_000621	SingleMut	2	Aromatic	W
SYM2_000655	SYM2_000621	SingleMut	2	Polar	P
SYM2_000656	SYM2_000621	SingleMut	2	Non-polar	A
SYM2_000657	SYM2_000621	SingleMut	2	Polar	Q
SYM2_000658	SYM2_000621	SingleMut	2	Positive	K
SYM2_000659	SYM2_000621	SingleMut	2	Negative	D
SYM2_000660	SYM2_000621	SingleMut	3	Non-polar	G
SYM2_000661	SYM2_000621	SingleMut	3	Aromatic	Y
SYM2_000662	SYM2_000621	SingleMut	3	Polar	T
SYM2_000663	SYM2_000621	SingleMut	3	Polar	S
SYM2_000664	SYM2_000621	SingleMut	3	Positive	R
SYM2_000665	SYM2_000621	SingleMut	3	Negative	E
SYM2_000666	SYM2_000621	SingleMut	3	Non-polar	I
SYM2_000667	SYM2_000621	SingleMut	3	Positive	H
SYM2_000668	SYM2_000621	SingleMut	3	Non-polar	L
SYM2_000669	SYM2_000621	SingleMut	3	Non-polar	V
SYM2_000670	SYM2_000621	SingleMut	3	Aromatic	F
SYM2_000671	SYM2_000621	SingleMut	3	Non-polar	M
SYM2_000672	SYM2_000621	SingleMut	3	Polar	N
SYM2_000673	SYM2_000621	SingleMut	3	Other	C
SYM2_000674	SYM2_000621	SingleMut	3	Aromatic	W
SYM2_000675	SYM2_000621	SingleMut	3	Polar	P
SYM2_000676	SYM2_000621	SingleMut	3	Non-polar	A
SYM2_000677	SYM2_000621	SingleMut	3	Polar	Q
SYM2_000678	SYM2_000621	SingleMut	3	Negative	D
SYM2_000679	SYM2_000621	SingleMut	4	Non-polar	G
SYM2_000680	SYM2_000621	SingleMut	4	Aromatic	Y
SYM2_000681	SYM2_000621	SingleMut	4	Polar	T
SYM2_000682	SYM2_000621	SingleMut	4	Polar	S
SYM2_000683	SYM2_000621	SingleMut	4	Positive	R
SYM2_000684	SYM2_000621	SingleMut	4	Negative	E
SYM2_000685	SYM2_000621	SingleMut	4	Non-polar	I
SYM2_000686	SYM2_000621	SingleMut	4	Positive	H
SYM2_000687	SYM2_000621	SingleMut	4	Non-polar	L
SYM2_000688	SYM2_000621	SingleMut	4	Non-polar	V
SYM2_000689	SYM2_000621	SingleMut	4	Aromatic	F
SYM2_000690	SYM2_000621	SingleMut	4	Non-polar	M
SYM2_000691	SYM2_000621	SingleMut	4	Polar	N
SYM2_000692	SYM2_000621	SingleMut	4	Other	C
SYM2_000693	SYM2_000621	SingleMut	4	Aromatic	W
SYM2_000694	SYM2_000621	SingleMut	4	Polar	P
SYM2_000695	SYM2_000621	SingleMut	4	Non-polar	A
SYM2_000696	SYM2_000621	SingleMut	4	Positive	K
SYM2_000697	SYM2_000621	SingleMut	4	Negative	D
SYM2_000698	SYM2_000621	SingleMut	5	Non-polar	G
SYM2_000699	SYM2_000621	SingleMut	5	Aromatic	Y
SYM2_000700	SYM2_000621	SingleMut	5	Polar	T
SYM2_000701	SYM2_000621	SingleMut	5	Polar	S
SYM2_000702	SYM2_000621	SingleMut	5	Positive	R
SYM2_000703	SYM2_000621	SingleMut	5	Negative	E
SYM2_000704	SYM2_000621	SingleMut	5	Positive	H
SYM2_000705	SYM2_000621	SingleMut	5	Non-polar	L
SYM2_000706	SYM2_000621	SingleMut	5	Non-polar	V
SYM2_000707	SYM2_000621	SingleMut	5	Aromatic	F
SYM2_000708	SYM2_000621	SingleMut	5	Non-polar	M
SYM2_000709	SYM2_000621	SingleMut	5	Polar	N
SYM2_000710	SYM2_000621	SingleMut	5	Other	C
SYM2_000711	SYM2_000621	SingleMut	5	Aromatic	W
SYM2_000712	SYM2_000621	SingleMut	5	Polar	P
SYM2_000713	SYM2_000621	SingleMut	5	Non-polar	A
SYM2_000714	SYM2_000621	SingleMut	5	Polar	Q
SYM2_000715	SYM2_000621	SingleMut	5	Positive	K
SYM2_000716	SYM2_000621	SingleMut	5	Negative	D
SYM2_000717	SYM2_000621	SingleMut	6	Non-polar	G
SYM2_000718	SYM2_000621	SingleMut	6	Aromatic	Y
SYM2_000719	SYM2_000621	SingleMut	6	Polar	T
SYM2_000720	SYM2_000621	SingleMut	6	Polar	S
SYM2_000721	SYM2_000621	SingleMut	6	Negative	E
SYM2_000722	SYM2_000621	SingleMut	6	Non-polar	I
SYM2_000723	SYM2_000621	SingleMut	6	Positive	H
SYM2_000724	SYM2_000621	SingleMut	6	Non-polar	L
SYM2_000725	SYM2_000621	SingleMut	6	Non-polar	V
SYM2_000726	SYM2_000621	SingleMut	6	Aromatic	F
SYM2_000727	SYM2_000621	SingleMut	6	Non-polar	M
SYM2_000728	SYM2_000621	SingleMut	6	Polar	N
SYM2_000729	SYM2_000621	SingleMut	6	Other	C
SYM2_000730	SYM2_000621	SingleMut	6	Aromatic	W
SYM2_000731	SYM2_000621	SingleMut	6	Polar	P
SYM2_000732	SYM2_000621	SingleMut	6	Non-polar	A
SYM2_000733	SYM2_000621	SingleMut	6	Polar	Q
SYM2_000734	SYM2_000621	SingleMut	6	Positive	K
SYM2_000735	SYM2_000621	SingleMut	6	Negative	D
SYM2_000736	SYM2_000621	SingleMut	7	Non-polar	G
SYM2_000737	SYM2_000621	SingleMut	7	Aromatic	Y
SYM2_000738	SYM2_000621	SingleMut	7	Polar	S
SYM2_000739	SYM2_000621	SingleMut	7	Positive	R
SYM2_000740	SYM2_000621	SingleMut	7	Negative	E
SYM2_000741	SYM2_000621	SingleMut	7	Non-polar	I
SYM2_000742	SYM2_000621	SingleMut	7	Positive	H
SYM2_000743	SYM2_000621	SingleMut	7	Non-polar	L
SYM2_000744	SYM2_000621	SingleMut	7	Non-polar	V
SYM2_000745	SYM2_000621	SingleMut	7	Aromatic	F
SYM2_000746	SYM2_000621	SingleMut	7	Non-polar	M
SYM2_000747	SYM2_000621	SingleMut	7	Polar	N
SYM2_000748	SYM2_000621	SingleMut	7	Other	C
SYM2_000749	SYM2_000621	SingleMut	7	Aromatic	W
SYM2_000750	SYM2_000621	SingleMut	7	Polar	P
SYM2_000751	SYM2_000621	SingleMut	7	Non-polar	A
SYM2_000752	SYM2_000621	SingleMut	7	Polar	Q
SYM2_000753	SYM2_000621	SingleMut	7	Positive	K
SYM2_000754	SYM2_000621	SingleMut	7	Negative	D
SYM2_000755	SYM2_000621	SingleMut	8	Non-polar	G
SYM2_000756	SYM2_000621	SingleMut	8	Aromatic	Y
SYM2_000757	SYM2_000621	SingleMut	8	Polar	T
SYM2_000758	SYM2_000621	SingleMut	8	Polar	S
SYM2_000759	SYM2_000621	SingleMut	8	Positive	R
SYM2_000760	SYM2_000621	SingleMut	8	Negative	E
SYM2_000761	SYM2_000621	SingleMut	8	Non-polar	I
SYM2_000762	SYM2_000621	SingleMut	8	Positive	H
SYM2_000763	SYM2_000621	SingleMut	8	Non-polar	L
SYM2_000764	SYM2_000621	SingleMut	8	Non-polar	V
SYM2_000765	SYM2_000621	SingleMut	8	Aromatic	F
SYM2_000766	SYM2_000621	SingleMut	8	Non-polar	M
SYM2_000767	SYM2_000621	SingleMut	8	Polar	N
SYM2_000768	SYM2_000621	SingleMut	8	Other	C
SYM2_000769	SYM2_000621	SingleMut	8	Aromatic	W
SYM2_000770	SYM2_000621	SingleMut	8	Polar	P
SYM2_000771	SYM2_000621	SingleMut	8	Non-polar	A
SYM2_000772	SYM2_000621	SingleMut	8	Positive	K
SYM2_000773	SYM2_000621	SingleMut	8	Negative	D
SYM2_000774	SYM2_000621	SingleMut	9	Non-polar	G
SYM2_000775	SYM2_000621	SingleMut	9	Aromatic	Y
SYM2_000776	SYM2_000621	SingleMut	9	Polar	T
SYM2_000777	SYM2_000621	SingleMut	9	Polar	S
SYM2_000778	SYM2_000621	SingleMut	9	Positive	R
SYM2_000779	SYM2_000621	SingleMut	9	Negative	E
SYM2_000780	SYM2_000621	SingleMut	9	Positive	H
SYM2_000781	SYM2_000621	SingleMut	9	Non-polar	L
SYM2_000782	SYM2_000621	SingleMut	9	Non-polar	V
SYM2_000783	SYM2_000621	SingleMut	9	Aromatic	F
SYM2_000784	SYM2_000621	SingleMut	9	Non-polar	M
SYM2_000785	SYM2_000621	SingleMut	9	Polar	N
SYM2_000786	SYM2_000621	SingleMut	9	Other	C
SYM2_000787	SYM2_000621	SingleMut	9	Aromatic	W
SYM2_000788	SYM2_000621	SingleMut	9	Polar	P
SYM2_000789	SYM2_000621	SingleMut	9	Non-polar	A
SYM2_000790	SYM2_000621	SingleMut	9	Polar	Q
SYM2_000791	SYM2_000621	SingleMut	9	Positive	K
SYM2_000792	SYM2_000621	SingleMut	9	Negative	D
SYM2_000793	SYM2_000621	SingleMut	10	Non-polar	G
SYM2_000794	SYM2_000621	SingleMut	10	Aromatic	Y
SYM2_000795	SYM2_000621	SingleMut	10	Polar	T
SYM2_000796	SYM2_000621	SingleMut	10	Polar	S
SYM2_000797	SYM2_000621	SingleMut	10	Positive	R
SYM2_000798	SYM2_000621	SingleMut	10	Non-polar	I
SYM2_000799	SYM2_000621	SingleMut	10	Positive	H
SYM2_000800	SYM2_000621	SingleMut	10	Non-polar	L
SYM2_000801	SYM2_000621	SingleMut	10	Non-polar	V
SYM2_000802	SYM2_000621	SingleMut	10	Aromatic	F
SYM2_000803	SYM2_000621	SingleMut	10	Non-polar	M
SYM2_000804	SYM2_000621	SingleMut	10	Polar	N
SYM2_000805	SYM2_000621	SingleMut	10	Other	C
SYM2_000806	SYM2_000621	SingleMut	10	Aromatic	W
SYM2_000807	SYM2_000621	SingleMut	10	Polar	P
SYM2_000808	SYM2_000621	SingleMut	10	Non-polar	A
SYM2_000809	SYM2_000621	SingleMut	10	Polar	Q
SYM2_000810	SYM2_000621	SingleMut	10	Positive	K
SYM2_000811	SYM2_000621	SingleMut	10	Negative	D
SYM2_000812	SYM2_000621	SingleMut	11	Non-polar	G
SYM2_000813	SYM2_000621	SingleMut	11	Aromatic	Y
SYM2_000814	SYM2_000621	SingleMut	11	Polar	T
SYM2_000815	SYM2_000621	SingleMut	11	Polar	S
SYM2_000816	SYM2_000621	SingleMut	11	Positive	R
SYM2_000817	SYM2_000621	SingleMut	11	Non-polar	I
SYM2_000818	SYM2_000621	SingleMut	11	Positive	H
SYM2_000819	SYM2_000621	SingleMut	11	Non-polar	L
SYM2_000820	SYM2_000621	SingleMut	11	Non-polar	V
SYM2_000821	SYM2_000621	SingleMut	11	Aromatic	F
SYM2_000822	SYM2_000621	SingleMut	11	Non-polar	M
SYM2_000823	SYM2_000621	SingleMut	11	Polar	N
SYM2_000824	SYM2_000621	SingleMut	11	Other	C
SYM2_000825	SYM2_000621	SingleMut	11	Aromatic	W
SYM2_000826	SYM2_000621	SingleMut	11	Polar	P
SYM2_000827	SYM2_000621	SingleMut	11	Non-polar	A
SYM2_000828	SYM2_000621	SingleMut	11	Polar	Q
SYM2_000829	SYM2_000621	SingleMut	11	Positive	K
SYM2_000830	SYM2_000621	SingleMut	11	Negative	D
SYM2_000831	SYM2_000621	SingleMut	12	Non-polar	G
SYM2_000832	SYM2_000621	SingleMut	12	Aromatic	Y
SYM2_000833	SYM2_000621	SingleMut	12	Polar	T
SYM2_000834	SYM2_000621	SingleMut	12	Polar	S
SYM2_000835	SYM2_000621	SingleMut	12	Positive	R
SYM2_000836	SYM2_000621	SingleMut	12	Negative	E
SYM2_000837	SYM2_000621	SingleMut	12	Non-polar	I
SYM2_000838	SYM2_000621	SingleMut	12	Positive	H
SYM2_000839	SYM2_000621	SingleMut	12	Non-polar	L
SYM2_000840	SYM2_000621	SingleMut	12	Non-polar	V
SYM2_000841	SYM2_000621	SingleMut	12	Aromatic	F
SYM2_000842	SYM2_000621	SingleMut	12	Non-polar	M
SYM2_000843	SYM2_000621	SingleMut	12	Polar	N
SYM2_000844	SYM2_000621	SingleMut	12	Other	C
SYM2_000845	SYM2_000621	SingleMut	12	Aromatic	W
SYM2_000846	SYM2_000621	SingleMut	12	Polar	P
SYM2_000847	SYM2_000621	SingleMut	12	Polar	Q
SYM2_000848	SYM2_000621	SingleMut	12	Positive	K
SYM2_000849	SYM2_000621	SingleMut	12	Negative	D
SYM2_000850	SYM2_000621	SingleMut	13	Non-polar	G
SYM2_000851	SYM2_000621	SingleMut	13	Aromatic	Y
SYM2_000852	SYM2_000621	SingleMut	13	Polar	S
SYM2_000853	SYM2_000621	SingleMut	13	Positive	R
SYM2_000854	SYM2_000621	SingleMut	13	Negative	E
SYM2_000855	SYM2_000621	SingleMut	13	Non-polar	I
SYM2_000856	SYM2_000621	SingleMut	13	Positive	H
SYM2_000857	SYM2_000621	SingleMut	13	Non-polar	L
SYM2_000858	SYM2_000621	SingleMut	13	Non-polar	V
SYM2_000859	SYM2_000621	SingleMut	13	Aromatic	F
SYM2_000860	SYM2_000621	SingleMut	13	Non-polar	M
SYM2_000861	SYM2_000621	SingleMut	13	Polar	N
SYM2_000862	SYM2_000621	SingleMut	13	Other	C
SYM2_000863	SYM2_000621	SingleMut	13	Aromatic	W
SYM2_000864	SYM2_000621	SingleMut	13	Polar	P
SYM2_000865	SYM2_000621	SingleMut	13	Non-polar	A
SYM2_000866	SYM2_000621	SingleMut	13	Polar	Q
SYM2_000867	SYM2_000621	SingleMut	13	Positive	K
SYM2_000868	SYM2_000621	SingleMut	13	Negative	D
SYM2_000869	SYM2_000621	SingleMut	14	Non-polar	G
SYM2_000870	SYM2_000621	SingleMut	14	Aromatic	Y
SYM2_000871	SYM2_000621	SingleMut	14	Polar	T
SYM2_000872	SYM2_000621	SingleMut	14	Positive	R
SYM2_000873	SYM2_000621	SingleMut	14	Negative	E
SYM2_000874	SYM2_000621	SingleMut	14	Non-polar	I
SYM2_000875	SYM2_000621	SingleMut	14	Positive	H
SYM2_000876	SYM2_000621	SingleMut	14	Non-polar	L
SYM2_000877	SYM2_000621	SingleMut	14	Non-polar	V
SYM2_000878	SYM2_000621	SingleMut	14	Aromatic	F
SYM2_000879	SYM2_000621	SingleMut	14	Non-polar	M
SYM2_000880	SYM2_000621	SingleMut	14	Polar	N
SYM2_000881	SYM2_000621	SingleMut	14	Other	C
SYM2_000882	SYM2_000621	SingleMut	14	Aromatic	W
SYM2_000883	SYM2_000621	SingleMut	14	Polar	P
SYM2_000884	SYM2_000621	SingleMut	14	Non-polar	A
SYM2_000885	SYM2_000621	SingleMut	14	Polar	Q
SYM2_000886	SYM2_000621	SingleMut	14	Positive	K
SYM2_000887	SYM2_000621	SingleMut	14	Negative	D
SYM2_000888	SYM2_000621	SingleMut	15	Non-polar	G
SYM2_000889	SYM2_000621	SingleMut	15	Aromatic	Y
SYM2_000890	SYM2_000621	SingleMut	15	Polar	T
SYM2_000891	SYM2_000621	SingleMut	15	Polar	S
SYM2_000892	SYM2_000621	SingleMut	15	Positive	R
SYM2_000893	SYM2_000621	SingleMut	15	Negative	E
SYM2_000894	SYM2_000621	SingleMut	15	Non-polar	I
SYM2_000895	SYM2_000621	SingleMut	15	Positive	H
SYM2_000896	SYM2_000621	SingleMut	15	Non-polar	L
SYM2_000897	SYM2_000621	SingleMut	15	Non-polar	V
SYM2_000898	SYM2_000621	SingleMut	15	Aromatic	F
SYM2_000899	SYM2_000621	SingleMut	15	Non-polar	M
SYM2_000900	SYM2_000621	SingleMut	15	Polar	N
SYM2_000901	SYM2_000621	SingleMut	15	Other	C
SYM2_000902	SYM2_000621	SingleMut	15	Aromatic	W
SYM2_000903	SYM2_000621	SingleMut	15	Polar	P
SYM2_000904	SYM2_000621	SingleMut	15	Non-polar	A
SYM2_000905	SYM2_000621	SingleMut	15	Polar	Q
SYM2_000906	SYM2_000621	SingleMut	15	Positive	K
SYM2_000907	SYM2_000621	SingleMut	16	Non-polar	G
SYM2_000908	SYM2_000621	SingleMut	16	Polar	T
SYM2_000909	SYM2_000621	SingleMut	16	Polar	S
SYM2_000910	SYM2_000621	SingleMut	16	Positive	R
SYM2_000911	SYM2_000621	SingleMut	16	Negative	E
SYM2_000912	SYM2_000621	SingleMut	16	Non-polar	I
SYM2_000913	SYM2_000621	SingleMut	16	Positive	H
SYM2_000914	SYM2_000621	SingleMut	16	Non-polar	L
SYM2_000915	SYM2_000621	SingleMut	16	Non-polar	V
SYM2_000916	SYM2_000621	SingleMut	16	Aromatic	F
SYM2_000917	SYM2_000621	SingleMut	16	Non-polar	M
SYM2_000918	SYM2_000621	SingleMut	16	Polar	N
SYM2_000919	SYM2_000621	SingleMut	16	Other	C
SYM2_000920	SYM2_000621	SingleMut	16	Aromatic	W
SYM2_000921	SYM2_000621	SingleMut	16	Polar	P
SYM2_000922	SYM2_000621	SingleMut	16	Non-polar	A
SYM2_000923	SYM2_000621	SingleMut	16	Polar	Q
SYM2_000924	SYM2_000621	SingleMut	16	Positive	K
SYM2_000925	SYM2_000621	SingleMut	16	Negative	D
SYM2_000926	SYM2_000621	SingleMut	17	Non-polar	G
SYM2_000927	SYM2_000621	SingleMut	17	Aromatic	Y
SYM2_000928	SYM2_000621	SingleMut	17	Polar	T
SYM2_000929	SYM2_000621	SingleMut	17	Polar	S
SYM2_000930	SYM2_000621	SingleMut	17	Positive	R
SYM2_000931	SYM2_000621	SingleMut	17	Negative	E
SYM2_000932	SYM2_000621	SingleMut	17	Non-polar	I
SYM2_000933	SYM2_000621	SingleMut	17	Positive	H
SYM2_000934	SYM2_000621	SingleMut	17	Non-polar	L
SYM2_000935	SYM2_000621	SingleMut	17	Non-polar	V
SYM2_000936	SYM2_000621	SingleMut	17	Aromatic	F
SYM2_000937	SYM2_000621	SingleMut	17	Non-polar	M
SYM2_000938	SYM2_000621	SingleMut	17	Polar	N
SYM2_000939	SYM2_000621	SingleMut	17	Other	C
SYM2_000940	SYM2_000621	SingleMut	17	Aromatic	W
SYM2_000941	SYM2_000621	SingleMut	17	Polar	P
SYM2_000942	SYM2_000621	SingleMut	17	Non-polar	A
SYM2_000943	SYM2_000621	SingleMut	17	Polar	Q
SYM2_000944	SYM2_000621	SingleMut	17	Positive	K
SYM2_000945	SYM2_000621	SingleMut	18	Non-polar	G
SYM2_000946	SYM2_000621	SingleMut	18	Aromatic	Y
SYM2_000947	SYM2_000621	SingleMut	18	Polar	T
SYM2_000948	SYM2_000621	SingleMut	18	Polar	S
SYM2_000949	SYM2_000621	SingleMut	18	Negative	E
SYM2_000950	SYM2_000621	SingleMut	18	Non-polar	I
SYM2_000951	SYM2_000621	SingleMut	18	Positive	H
SYM2_000952	SYM2_000621	SingleMut	18	Non-polar	L
SYM2_000953	SYM2_000621	SingleMut	18	Non-polar	V
SYM2_000954	SYM2_000621	SingleMut	18	Aromatic	F
SYM2_000955	SYM2_000621	SingleMut	18	Non-polar	M
SYM2_000956	SYM2_000621	SingleMut	18	Polar	N
SYM2_000957	SYM2_000621	SingleMut	18	Other	C
SYM2_000958	SYM2_000621	SingleMut	18	Aromatic	W
SYM2_000959	SYM2_000621	SingleMut	18	Polar	P
SYM2_000960	SYM2_000621	SingleMut	18	Non-polar	A
SYM2_000961	SYM2_000621	SingleMut	18	Polar	Q
SYM2_000962	SYM2_000621	SingleMut	18	Positive	K
SYM2_000963	SYM2_000621	SingleMut	18	Negative	D
SYM2_000964	SYM2_000621	SingleMut	19	Non-polar	G
SYM2_000965	SYM2_000621	SingleMut	19	Aromatic	Y
SYM2_000966	SYM2_000621	SingleMut	19	Polar	T
SYM2_000967	SYM2_000621	SingleMut	19	Polar	S
SYM2_000968	SYM2_000621	SingleMut	19	Positive	R
SYM2_000969	SYM2_000621	SingleMut	19	Non-polar	I
SYM2_000970	SYM2_000621	SingleMut	19	Positive	H
SYM2_000971	SYM2_000621	SingleMut	19	Non-polar	L
SYM2_000972	SYM2_000621	SingleMut	19	Non-polar	V
SYM2_000973	SYM2_000621	SingleMut	19	Aromatic	F
SYM2_000974	SYM2_000621	SingleMut	19	Non-polar	M
SYM2_000975	SYM2_000621	SingleMut	19	Polar	N
SYM2_000976	SYM2_000621	SingleMut	19	Other	C
SYM2_000977	SYM2_000621	SingleMut	19	Aromatic	W
SYM2_000978	SYM2_000621	SingleMut	19	Polar	P
SYM2_000979	SYM2_000621	SingleMut	19	Non-polar	A
SYM2_000980	SYM2_000621	SingleMut	19	Polar	Q
SYM2_000981	SYM2_000621	SingleMut	19	Positive	K
SYM2_000982	SYM2_000621	SingleMut	19	Negative	D
SYM2_000983	SYM2_000621	SingleMut	20	Non-polar	G
SYM2_000984	SYM2_000621	SingleMut	20	Aromatic	Y
SYM2_000985	SYM2_000621	SingleMut	20	Polar	T
SYM2_000986	SYM2_000621	SingleMut	20	Polar	S
SYM2_000987	SYM2_000621	SingleMut	20	Positive	R
SYM2_000988	SYM2_000621	SingleMut	20	Negative	E
SYM2_000989	SYM2_000621	SingleMut	20	Non-polar	I
SYM2_000990	SYM2_000621	SingleMut	20	Positive	H
SYM2_000991	SYM2_000621	SingleMut	20	Non-polar	L
SYM2_000992	SYM2_000621	SingleMut	20	Non-polar	V
SYM2_000993	SYM2_000621	SingleMut	20	Aromatic	F
SYM2_000994	SYM2_000621	SingleMut	20	Non-polar	M
SYM2_000995	SYM2_000621	SingleMut	20	Polar	N
SYM2_000996	SYM2_000621	SingleMut	20	Other	C
SYM2_000997	SYM2_000621	SingleMut	20	Aromatic	W
SYM2_000998	SYM2_000621	SingleMut	20	Polar	P
SYM2_000999	SYM2_000621	SingleMut	20	Non-polar	A
SYM2_001000	SYM2_000621	SingleMut	20	Polar	Q
SYM2_001001	SYM2_000621	SingleMut	20	Negative	D
SYM2_001002	SYM2_000621	SingleMut	21	Non-polar	G
SYM2_001003	SYM2_000621	SingleMut	21	Aromatic	Y
SYM2_001004	SYM2_000621	SingleMut	21	Polar	T
SYM2_001005	SYM2_000621	SingleMut	21	Polar	S
SYM2_001006	SYM2_000621	SingleMut	21	Positive	R
SYM2_001007	SYM2_000621	SingleMut	21	Negative	E
SYM2_001008	SYM2_000621	SingleMut	21	Non-polar	I
SYM2_001009	SYM2_000621	SingleMut	21	Positive	H
SYM2_001010	SYM2_000621	SingleMut	21	Non-polar	V
SYM2_001011	SYM2_000621	SingleMut	21	Aromatic	F
SYM2_001012	SYM2_000621	SingleMut	21	Non-polar	M
SYM2_001013	SYM2_000621	SingleMut	21	Polar	N
SYM2_001014	SYM2_000621	SingleMut	21	Other	C
SYM2_001015	SYM2_000621	SingleMut	21	Aromatic	W
SYM2_001016	SYM2_000621	SingleMut	21	Polar	P
SYM2_001017	SYM2_000621	SingleMut	21	Non-polar	A
SYM2_001018	SYM2_000621	SingleMut	21	Polar	Q
SYM2_001019	SYM2_000621	SingleMut	21	Positive	K
SYM2_001020	SYM2_000621	SingleMut	21	Negative	D
SYM2_001021	SYM2_000621	SingleMut	22	Non-polar	G
SYM2_001022	SYM2_000621	SingleMut	22	Aromatic	Y
SYM2_001023	SYM2_000621	SingleMut	22	Polar	T
SYM2_001024	SYM2_000621	SingleMut	22	Polar	S
SYM2_001025	SYM2_000621	SingleMut	22	Positive	R
SYM2_001026	SYM2_000621	SingleMut	22	Negative	E
SYM2_001027	SYM2_000621	SingleMut	22	Non-polar	I
SYM2_001028	SYM2_000621	SingleMut	22	Positive	H
SYM2_001029	SYM2_000621	SingleMut	22	Non-polar	L
SYM2_001030	SYM2_000621	SingleMut	22	Non-polar	V
SYM2_001031	SYM2_000621	SingleMut	22	Aromatic	F
SYM2_001032	SYM2_000621	SingleMut	22	Non-polar	M
SYM2_001033	SYM2_000621	SingleMut	22	Polar	N
SYM2_001034	SYM2_000621	SingleMut	22	Other	C
SYM2_001035	SYM2_000621	SingleMut	22	Aromatic	W
SYM2_001036	SYM2_000621	SingleMut	22	Polar	P
SYM2_001037	SYM2_000621	SingleMut	22	Non-polar	A
SYM2_001038	SYM2_000621	SingleMut	22	Positive	K
SYM2_001039	SYM2_000621	SingleMut	22	Negative	D
SYM2_001040	SYM2_000621	SingleMut	23	Non-polar	G
SYM2_001041	SYM2_000621	SingleMut	23	Aromatic	Y
SYM2_001042	SYM2_000621	SingleMut	23	Polar	T
SYM2_001043	SYM2_000621	SingleMut	23	Polar	S
SYM2_001044	SYM2_000621	SingleMut	23	Positive	R
SYM2_001045	SYM2_000621	SingleMut	23	Non-polar	I
SYM2_001046	SYM2_000621	SingleMut	23	Positive	H
SYM2_001047	SYM2_000621	SingleMut	23	Non-polar	L
SYM2_001048	SYM2_000621	SingleMut	23	Non-polar	V
SYM2_001049	SYM2_000621	SingleMut	23	Aromatic	F
SYM2_001050	SYM2_000621	SingleMut	23	Non-polar	M
SYM2_001051	SYM2_000621	SingleMut	23	Polar	N
SYM2_001052	SYM2_000621	SingleMut	23	Other	C
SYM2_001053	SYM2_000621	SingleMut	23	Aromatic	W
SYM2_001054	SYM2_000621	SingleMut	23	Polar	P
SYM2_001055	SYM2_000621	SingleMut	23	Non-polar	A
SYM2_001056	SYM2_000621	SingleMut	23	Polar	Q
SYM2_001057	SYM2_000621	SingleMut	23	Positive	K
SYM2_001058	SYM2_000621	SingleMut	23	Negative	D
SYM2_001059	SYM2_000621	SingleMut	24	Non-polar	G
SYM2_001060	SYM2_000621	SingleMut	24	Aromatic	Y
SYM2_001061	SYM2_000621	SingleMut	24	Polar	T
SYM2_001062	SYM2_000621	SingleMut	24	Polar	S
SYM2_001063	SYM2_000621	SingleMut	24	Negative	E
SYM2_001064	SYM2_000621	SingleMut	24	Non-polar	I
SYM2_001065	SYM2_000621	SingleMut	24	Positive	H
SYM2_001066	SYM2_000621	SingleMut	24	Non-polar	L
SYM2_001067	SYM2_000621	SingleMut	24	Non-polar	V
SYM2_001068	SYM2_000621	SingleMut	24	Aromatic	F
SYM2_001069	SYM2_000621	SingleMut	24	Non-polar	M
SYM2_001070	SYM2_000621	SingleMut	24	Polar	N
SYM2_001071	SYM2_000621	SingleMut	24	Other	C
SYM2_001072	SYM2_000621	SingleMut	24	Aromatic	W
SYM2_001073	SYM2_000621	SingleMut	24	Polar	P
SYM2_001074	SYM2_000621	SingleMut	24	Non-polar	A
SYM2_001075	SYM2_000621	SingleMut	24	Polar	Q
SYM2_001076	SYM2_000621	SingleMut	24	Positive	K
SYM2_001077	SYM2_000621	SingleMut	24	Negative	D
SYM2_001078	SYM2_000621	SingleMut	25	Non-polar	G
SYM2_001079	SYM2_000621	SingleMut	25	Aromatic	Y
SYM2_001080	SYM2_000621	SingleMut	25	Polar	T
SYM2_001081	SYM2_000621	SingleMut	25	Polar	S
SYM2_001082	SYM2_000621	SingleMut	25	Positive	R
SYM2_001083	SYM2_000621	SingleMut	25	Negative	E
SYM2_001084	SYM2_000621	SingleMut	25	Non-polar	I
SYM2_001085	SYM2_000621	SingleMut	25	Positive	H
SYM2_001086	SYM2_000621	SingleMut	25	Non-polar	L
SYM2_001087	SYM2_000621	SingleMut	25	Aromatic	F
SYM2_001088	SYM2_000621	SingleMut	25	Non-polar	M
SYM2_001089	SYM2_000621	SingleMut	25	Polar	N
SYM2_001090	SYM2_000621	SingleMut	25	Other	C
SYM2_001091	SYM2_000621	SingleMut	25	Aromatic	W
SYM2_001092	SYM2_000621	SingleMut	25	Polar	P
SYM2_001093	SYM2_000621	SingleMut	25	Non-polar	A
SYM2_001094	SYM2_000621	SingleMut	25	Polar	Q
SYM2_001095	SYM2_000621	SingleMut	25	Positive	K
SYM2_001096	SYM2_000621	SingleMut	25	Negative	D
SYM2_001097	SYM2_000621	SingleMut	26	Non-polar	G
SYM2_001098	SYM2_000621	SingleMut	26	Aromatic	Y
SYM2_001099	SYM2_000621	SingleMut	26	Polar	T
SYM2_001100	SYM2_000621	SingleMut	26	Polar	S
SYM2_001101	SYM2_000621	SingleMut	26	Positive	R
SYM2_001102	SYM2_000621	SingleMut	26	Negative	E
SYM2_001103	SYM2_000621	SingleMut	26	Non-polar	I
SYM2_001104	SYM2_000621	SingleMut	26	Positive	H
SYM2_001105	SYM2_000621	SingleMut	26	Non-polar	L
SYM2_001106	SYM2_000621	SingleMut	26	Non-polar	V
SYM2_001107	SYM2_000621	SingleMut	26	Aromatic	F
SYM2_001108	SYM2_000621	SingleMut	26	Non-polar	M
SYM2_001109	SYM2_000621	SingleMut	26	Polar	N
SYM2_001110	SYM2_000621	SingleMut	26	Other	C
SYM2_001111	SYM2_000621	SingleMut	26	Aromatic	W
SYM2_001112	SYM2_000621	SingleMut	26	Polar	P
SYM2_001113	SYM2_000621	SingleMut	26	Polar	Q
SYM2_001114	SYM2_000621	SingleMut	26	Positive	K
SYM2_001115	SYM2_000621	SingleMut	26	Negative	D
SYM2_001116	SYM2_000621	SingleMut	27	Non-polar	G
SYM2_001117	SYM2_000621	SingleMut	27	Aromatic	Y
SYM2_001118	SYM2_000621	SingleMut	27	Polar	T
SYM2_001119	SYM2_000621	SingleMut	27	Polar	S
SYM2_001120	SYM2_000621	SingleMut	27	Positive	R
SYM2_001121	SYM2_000621	SingleMut	27	Negative	E
SYM2_001122	SYM2_000621	SingleMut	27	Non-polar	I
SYM2_001123	SYM2_000621	SingleMut	27	Positive	H
SYM2_001124	SYM2_000621	SingleMut	27	Non-polar	L
SYM2_001125	SYM2_000621	SingleMut	27	Non-polar	V
SYM2_001126	SYM2_000621	SingleMut	27	Aromatic	F
SYM2_001127	SYM2_000621	SingleMut	27	Non-polar	M
SYM2_001128	SYM2_000621	SingleMut	27	Polar	N
SYM2_001129	SYM2_000621	SingleMut	27	Other	C
SYM2_001130	SYM2_000621	SingleMut	27	Aromatic	W
SYM2_001131	SYM2_000621	SingleMut	27	Polar	P
SYM2_001132	SYM2_000621	SingleMut	27	Non-polar	A
SYM2_001133	SYM2_000621	SingleMut	27	Polar	Q
SYM2_001134	SYM2_000621	SingleMut	27	Negative	D
SYM2_001135	SYM2_000621	SingleMut	28	Non-polar	G
SYM2_001136	SYM2_000621	SingleMut	28	Aromatic	Y
SYM2_001137	SYM2_000621	SingleMut	28	Polar	T
SYM2_001138	SYM2_000621	SingleMut	28	Polar	S
SYM2_001139	SYM2_000621	SingleMut	28	Positive	R
SYM2_001140	SYM2_000621	SingleMut	28	Negative	E
SYM2_001141	SYM2_000621	SingleMut	28	Non-polar	I
SYM2_001142	SYM2_000621	SingleMut	28	Positive	H
SYM2_001143	SYM2_000621	SingleMut	28	Non-polar	V
SYM2_001144	SYM2_000621	SingleMut	28	Aromatic	F
SYM2_001145	SYM2_000621	SingleMut	28	Non-polar	M
SYM2_001146	SYM2_000621	SingleMut	28	Polar	N
SYM2_001147	SYM2_000621	SingleMut	28	Other	C
SYM2_001148	SYM2_000621	SingleMut	28	Aromatic	W
SYM2_001149	SYM2_000621	SingleMut	28	Polar	P
SYM2_001150	SYM2_000621	SingleMut	28	Non-polar	A
SYM2_001151	SYM2_000621	SingleMut	28	Polar	Q
SYM2_001152	SYM2_000621	SingleMut	28	Positive	K
SYM2_001153	SYM2_000621	SingleMut	28	Negative	D
SYM2_001154	SYM2_000621	SingleMut	29	Non-polar	G
SYM2_001155	SYM2_000621	SingleMut	29	Aromatic	Y
SYM2_001156	SYM2_000621	SingleMut	29	Polar	T
SYM2_001157	SYM2_000621	SingleMut	29	Polar	S
SYM2_001158	SYM2_000621	SingleMut	29	Positive	R
SYM2_001159	SYM2_000621	SingleMut	29	Negative	E
SYM2_001160	SYM2_000621	SingleMut	29	Non-polar	I
SYM2_001161	SYM2_000621	SingleMut	29	Positive	H
SYM2_001162	SYM2_000621	SingleMut	29	Non-polar	L
SYM2_001163	SYM2_000621	SingleMut	29	Non-polar	V
SYM2_001164	SYM2_000621	SingleMut	29	Aromatic	F
SYM2_001165	SYM2_000621	SingleMut	29	Non-polar	M
SYM2_001166	SYM2_000621	SingleMut	29	Polar	N
SYM2_001167	SYM2_000621	SingleMut	29	Other	C
SYM2_001168	SYM2_000621	SingleMut	29	Aromatic	W
SYM2_001169	SYM2_000621	SingleMut	29	Polar	P
SYM2_001170	SYM2_000621	SingleMut	29	Polar	Q
SYM2_001171	SYM2_000621	SingleMut	29	Positive	K
SYM2_001172	SYM2_000621	SingleMut	29	Negative	D
SYM2_001173	SYM2_000621	SingleMut	30	Aromatic	Y
SYM2_001174	SYM2_000621	SingleMut	30	Polar	T
SYM2_001175	SYM2_000621	SingleMut	30	Polar	S
SYM2_001176	SYM2_000621	SingleMut	30	Positive	R
SYM2_001177	SYM2_000621	SingleMut	30	Negative	E
SYM2_001178	SYM2_000621	SingleMut	30	Non-polar	I
SYM2_001179	SYM2_000621	SingleMut	30	Positive	H
SYM2_001180	SYM2_000621	SingleMut	30	Non-polar	L
SYM2_001181	SYM2_000621	SingleMut	30	Non-polar	V
SYM2_001182	SYM2_000621	SingleMut	30	Aromatic	F
SYM2_001183	SYM2_000621	SingleMut	30	Non-polar	M
SYM2_001184	SYM2_000621	SingleMut	30	Polar	N
SYM2_001185	SYM2_000621	SingleMut	30	Other	C
SYM2_001186	SYM2_000621	SingleMut	30	Aromatic	W
SYM2_001187	SYM2_000621	SingleMut	30	Polar	P
SYM2_001188	SYM2_000621	SingleMut	30	Non-polar	A
SYM2_001189	SYM2_000621	SingleMut	30	Polar	Q
SYM2_001190	SYM2_000621	SingleMut	30	Positive	K
SYM2_001191	SYM2_000621	SingleMut	30	Negative	D
SYM2_001243	SYM2_001242	SingleMut	1	Non-polar	G
SYM2_001244	SYM2_001242	SingleMut	1	Aromatic	Y
SYM2_001245	SYM2_001242	SingleMut	1	Polar	T
SYM2_001246	SYM2_001242	SingleMut	1	Polar	S
SYM2_001247	SYM2_001242	SingleMut	1	Positive	R
SYM2_001248	SYM2_001242	SingleMut	1	Negative	E
SYM2_001249	SYM2_001242	SingleMut	1	Non-polar	I
SYM2_001250	SYM2_001242	SingleMut	1	Positive	H
SYM2_001251	SYM2_001242	SingleMut	1	Non-polar	L
SYM2_001252	SYM2_001242	SingleMut	1	Aromatic	F
SYM2_001253	SYM2_001242	SingleMut	1	Non-polar	M
SYM2_001254	SYM2_001242	SingleMut	1	Polar	N
SYM2_001255	SYM2_001242	SingleMut	1	Other	C
SYM2_001256	SYM2_001242	SingleMut	1	Aromatic	W
SYM2_001257	SYM2_001242	SingleMut	1	Polar	P
SYM2_001258	SYM2_001242	SingleMut	1	Non-polar	A
SYM2_001259	SYM2_001242	SingleMut	1	Polar	Q
SYM2_001260	SYM2_001242	SingleMut	1	Positive	K
SYM2_001261	SYM2_001242	SingleMut	1	Negative	D
SYM2_001262	SYM2_001242	SingleMut	2	Non-polar	G
SYM2_001263	SYM2_001242	SingleMut	2	Aromatic	Y
SYM2_001264	SYM2_001242	SingleMut	2	Polar	T
SYM2_001265	SYM2_001242	SingleMut	2	Polar	S
SYM2_001266	SYM2_001242	SingleMut	2	Positive	R
SYM2_001267	SYM2_001242	SingleMut	2	Non-polar	I
SYM2_001268	SYM2_001242	SingleMut	2	Positive	H
SYM2_001269	SYM2_001242	SingleMut	2	Non-polar	L
SYM2_001270	SYM2_001242	SingleMut	2	Non-polar	V
SYM2_001271	SYM2_001242	SingleMut	2	Aromatic	F
SYM2_001272	SYM2_001242	SingleMut	2	Non-polar	M
SYM2_001273	SYM2_001242	SingleMut	2	Polar	N
SYM2_001274	SYM2_001242	SingleMut	2	Other	C
SYM2_001275	SYM2_001242	SingleMut	2	Aromatic	W
SYM2_001276	SYM2_001242	SingleMut	2	Polar	P
SYM2_001277	SYM2_001242	SingleMut	2	Non-polar	A
SYM2_001278	SYM2_001242	SingleMut	2	Polar	Q
SYM2_001279	SYM2_001242	SingleMut	2	Positive	K
SYM2_001280	SYM2_001242	SingleMut	2	Negative	D
SYM2_001281	SYM2_001242	SingleMut	3	Non-polar	G
SYM2_001282	SYM2_001242	SingleMut	3	Aromatic	Y
SYM2_001283	SYM2_001242	SingleMut	3	Polar	T
SYM2_001284	SYM2_001242	SingleMut	3	Polar	S
SYM2_001285	SYM2_001242	SingleMut	3	Positive	R
SYM2_001286	SYM2_001242	SingleMut	3	Negative	E
SYM2_001287	SYM2_001242	SingleMut	3	Non-polar	I
SYM2_001288	SYM2_001242	SingleMut	3	Positive	H
SYM2_001289	SYM2_001242	SingleMut	3	Non-polar	L
SYM2_001290	SYM2_001242	SingleMut	3	Non-polar	V
SYM2_001291	SYM2_001242	SingleMut	3	Aromatic	F
SYM2_001292	SYM2_001242	SingleMut	3	Non-polar	M
SYM2_001293	SYM2_001242	SingleMut	3	Polar	N
SYM2_001294	SYM2_001242	SingleMut	3	Other	C
SYM2_001295	SYM2_001242	SingleMut	3	Polar	P
SYM2_001296	SYM2_001242	SingleMut	3	Non-polar	A
SYM2_001297	SYM2_001242	SingleMut	3	Polar	Q
SYM2_001298	SYM2_001242	SingleMut	3	Positive	K
SYM2_001299	SYM2_001242	SingleMut	3	Negative	D
SYM2_001300	SYM2_001242	SingleMut	4	Non-polar	G
SYM2_001301	SYM2_001242	SingleMut	4	Aromatic	Y
SYM2_001302	SYM2_001242	SingleMut	4	Polar	T
SYM2_001303	SYM2_001242	SingleMut	4	Polar	S
SYM2_001304	SYM2_001242	SingleMut	4	Positive	R
SYM2_001305	SYM2_001242	SingleMut	4	Negative	E
SYM2_001306	SYM2_001242	SingleMut	4	Non-polar	I
SYM2_001307	SYM2_001242	SingleMut	4	Positive	H
SYM2_001308	SYM2_001242	SingleMut	4	Non-polar	L
SYM2_001309	SYM2_001242	SingleMut	4	Non-polar	V
SYM2_001310	SYM2_001242	SingleMut	4	Aromatic	F
SYM2_001311	SYM2_001242	SingleMut	4	Non-polar	M
SYM2_001312	SYM2_001242	SingleMut	4	Polar	N
SYM2_001313	SYM2_001242	SingleMut	4	Other	C
SYM2_001314	SYM2_001242	SingleMut	4	Aromatic	W
SYM2_001315	SYM2_001242	SingleMut	4	Polar	P
SYM2_001316	SYM2_001242	SingleMut	4	Non-polar	A
SYM2_001317	SYM2_001242	SingleMut	4	Positive	K
SYM2_001318	SYM2_001242	SingleMut	4	Negative	D
SYM2_001319	SYM2_001242	SingleMut	5	Non-polar	G
SYM2_001320	SYM2_001242	SingleMut	5	Aromatic	Y
SYM2_001321	SYM2_001242	SingleMut	5	Polar	T
SYM2_001322	SYM2_001242	SingleMut	5	Polar	S
SYM2_001323	SYM2_001242	SingleMut	5	Positive	R
SYM2_001324	SYM2_001242	SingleMut	5	Negative	E
SYM2_001325	SYM2_001242	SingleMut	5	Non-polar	I
SYM2_001326	SYM2_001242	SingleMut	5	Positive	H
SYM2_001327	SYM2_001242	SingleMut	5	Non-polar	L
SYM2_001328	SYM2_001242	SingleMut	5	Non-polar	V
SYM2_001329	SYM2_001242	SingleMut	5	Aromatic	F
SYM2_001330	SYM2_001242	SingleMut	5	Non-polar	M
SYM2_001331	SYM2_001242	SingleMut	5	Polar	N
SYM2_001332	SYM2_001242	SingleMut	5	Other	C
SYM2_001333	SYM2_001242	SingleMut	5	Aromatic	W
SYM2_001334	SYM2_001242	SingleMut	5	Non-polar	A
SYM2_001335	SYM2_001242	SingleMut	5	Polar	Q
SYM2_001336	SYM2_001242	SingleMut	5	Positive	K
SYM2_001337	SYM2_001242	SingleMut	5	Negative	D
SYM2_001338	SYM2_001242	SingleMut	6	Non-polar	G
SYM2_001339	SYM2_001242	SingleMut	6	Aromatic	Y
SYM2_001340	SYM2_001242	SingleMut	6	Polar	T
SYM2_001341	SYM2_001242	SingleMut	6	Polar	S
SYM2_001342	SYM2_001242	SingleMut	6	Positive	R
SYM2_001343	SYM2_001242	SingleMut	6	Negative	E
SYM2_001344	SYM2_001242	SingleMut	6	Non-polar	I
SYM2_001345	SYM2_001242	SingleMut	6	Positive	H
SYM2_001346	SYM2_001242	SingleMut	6	Non-polar	L
SYM2_001347	SYM2_001242	SingleMut	6	Non-polar	V
SYM2_001348	SYM2_001242	SingleMut	6	Aromatic	F
SYM2_001349	SYM2_001242	SingleMut	6	Non-polar	M
SYM2_001350	SYM2_001242	SingleMut	6	Polar	N
SYM2_001351	SYM2_001242	SingleMut	6	Other	C
SYM2_001352	SYM2_001242	SingleMut	6	Aromatic	W
SYM2_001353	SYM2_001242	SingleMut	6	Polar	P
SYM2_001354	SYM2_001242	SingleMut	6	Non-polar	A
SYM2_001355	SYM2_001242	SingleMut	6	Polar	Q
SYM2_001356	SYM2_001242	SingleMut	6	Negative	D
SYM2_001357	SYM2_001242	SingleMut	7	Non-polar	G
SYM2_001358	SYM2_001242	SingleMut	7	Aromatic	Y
SYM2_001359	SYM2_001242	SingleMut	7	Polar	T
SYM2_001360	SYM2_001242	SingleMut	7	Positive	R
SYM2_001361	SYM2_001242	SingleMut	7	Negative	E
SYM2_001362	SYM2_001242	SingleMut	7	Non-polar	I
SYM2_001363	SYM2_001242	SingleMut	7	Positive	H
SYM2_001364	SYM2_001242	SingleMut	7	Non-polar	L
SYM2_001365	SYM2_001242	SingleMut	7	Non-polar	V
SYM2_001366	SYM2_001242	SingleMut	7	Aromatic	F
SYM2_001367	SYM2_001242	SingleMut	7	Non-polar	M
SYM2_001368	SYM2_001242	SingleMut	7	Polar	N
SYM2_001369	SYM2_001242	SingleMut	7	Other	C
SYM2_001370	SYM2_001242	SingleMut	7	Aromatic	W
SYM2_001371	SYM2_001242	SingleMut	7	Polar	P
SYM2_001372	SYM2_001242	SingleMut	7	Non-polar	A
SYM2_001373	SYM2_001242	SingleMut	7	Polar	Q
SYM2_001374	SYM2_001242	SingleMut	7	Positive	K
SYM2_001375	SYM2_001242	SingleMut	7	Negative	D
SYM2_001376	SYM2_001242	SingleMut	8	Non-polar	G
SYM2_001377	SYM2_001242	SingleMut	8	Aromatic	Y
SYM2_001378	SYM2_001242	SingleMut	8	Polar	T
SYM2_001379	SYM2_001242	SingleMut	8	Polar	S
SYM2_001380	SYM2_001242	SingleMut	8	Positive	R
SYM2_001381	SYM2_001242	SingleMut	8	Negative	E
SYM2_001382	SYM2_001242	SingleMut	8	Positive	H
SYM2_001383	SYM2_001242	SingleMut	8	Non-polar	L
SYM2_001384	SYM2_001242	SingleMut	8	Non-polar	V
SYM2_001385	SYM2_001242	SingleMut	8	Aromatic	F
SYM2_001386	SYM2_001242	SingleMut	8	Non-polar	M
SYM2_001387	SYM2_001242	SingleMut	8	Polar	N
SYM2_001388	SYM2_001242	SingleMut	8	Other	C
SYM2_001389	SYM2_001242	SingleMut	8	Aromatic	W
SYM2_001390	SYM2_001242	SingleMut	8	Polar	P
SYM2_001391	SYM2_001242	SingleMut	8	Non-polar	A
SYM2_001392	SYM2_001242	SingleMut	8	Polar	Q
SYM2_001393	SYM2_001242	SingleMut	8	Positive	K
SYM2_001394	SYM2_001242	SingleMut	8	Negative	D
SYM2_001395	SYM2_001242	SingleMut	9	Non-polar	G
SYM2_001396	SYM2_001242	SingleMut	9	Aromatic	Y
SYM2_001397	SYM2_001242	SingleMut	9	Polar	T
SYM2_001398	SYM2_001242	SingleMut	9	Polar	S
SYM2_001399	SYM2_001242	SingleMut	9	Negative	E
SYM2_001400	SYM2_001242	SingleMut	9	Non-polar	I
SYM2_001401	SYM2_001242	SingleMut	9	Positive	H
SYM2_001402	SYM2_001242	SingleMut	9	Non-polar	L
SYM2_001403	SYM2_001242	SingleMut	9	Non-polar	V
SYM2_001404	SYM2_001242	SingleMut	9	Aromatic	F
SYM2_001405	SYM2_001242	SingleMut	9	Non-polar	M
SYM2_001406	SYM2_001242	SingleMut	9	Polar	N
SYM2_001407	SYM2_001242	SingleMut	9	Other	C
SYM2_001408	SYM2_001242	SingleMut	9	Aromatic	W
SYM2_001409	SYM2_001242	SingleMut	9	Polar	P
SYM2_001410	SYM2_001242	SingleMut	9	Non-polar	A
SYM2_001411	SYM2_001242	SingleMut	9	Polar	Q
SYM2_001412	SYM2_001242	SingleMut	9	Positive	K
SYM2_001413	SYM2_001242	SingleMut	9	Negative	D
SYM2_001414	SYM2_001242	SingleMut	10	Non-polar	G
SYM2_001415	SYM2_001242	SingleMut	10	Aromatic	Y
SYM2_001416	SYM2_001242	SingleMut	10	Polar	T
SYM2_001417	SYM2_001242	SingleMut	10	Polar	S
SYM2_001418	SYM2_001242	SingleMut	10	Positive	R
SYM2_001419	SYM2_001242	SingleMut	10	Negative	E
SYM2_001420	SYM2_001242	SingleMut	10	Non-polar	I
SYM2_001421	SYM2_001242	SingleMut	10	Positive	H
SYM2_001422	SYM2_001242	SingleMut	10	Non-polar	L
SYM2_001423	SYM2_001242	SingleMut	10	Non-polar	V
SYM2_001424	SYM2_001242	SingleMut	10	Aromatic	F
SYM2_001425	SYM2_001242	SingleMut	10	Non-polar	M
SYM2_001426	SYM2_001242	SingleMut	10	Polar	N
SYM2_001427	SYM2_001242	SingleMut	10	Other	C
SYM2_001428	SYM2_001242	SingleMut	10	Aromatic	W
SYM2_001429	SYM2_001242	SingleMut	10	Polar	P
SYM2_001430	SYM2_001242	SingleMut	10	Non-polar	A
SYM2_001431	SYM2_001242	SingleMut	10	Polar	Q
SYM2_001432	SYM2_001242	SingleMut	10	Negative	D
SYM2_001433	SYM2_001242	SingleMut	11	Non-polar	G
SYM2_001434	SYM2_001242	SingleMut	11	Aromatic	Y
SYM2_001435	SYM2_001242	SingleMut	11	Polar	T
SYM2_001436	SYM2_001242	SingleMut	11	Polar	S
SYM2_001437	SYM2_001242	SingleMut	11	Positive	R
SYM2_001438	SYM2_001242	SingleMut	11	Negative	E
SYM2_001439	SYM2_001242	SingleMut	11	Non-polar	I
SYM2_001440	SYM2_001242	SingleMut	11	Positive	H
SYM2_001441	SYM2_001242	SingleMut	11	Non-polar	L
SYM2_001442	SYM2_001242	SingleMut	11	Non-polar	V
SYM2_001443	SYM2_001242	SingleMut	11	Aromatic	F
SYM2_001444	SYM2_001242	SingleMut	11	Non-polar	M
SYM2_001445	SYM2_001242	SingleMut	11	Polar	N
SYM2_001446	SYM2_001242	SingleMut	11	Aromatic	W
SYM2_001447	SYM2_001242	SingleMut	11	Polar	P
SYM2_001448	SYM2_001242	SingleMut	11	Non-polar	A
SYM2_001449	SYM2_001242	SingleMut	11	Polar	Q
SYM2_001450	SYM2_001242	SingleMut	11	Positive	K
SYM2_001451	SYM2_001242	SingleMut	11	Negative	D
SYM2_001452	SYM2_001242	SingleMut	12	Non-polar	G
SYM2_001453	SYM2_001242	SingleMut	12	Aromatic	Y
SYM2_001454	SYM2_001242	SingleMut	12	Polar	T
SYM2_001455	SYM2_001242	SingleMut	12	Polar	S
SYM2_001456	SYM2_001242	SingleMut	12	Negative	E
SYM2_001457	SYM2_001242	SingleMut	12	Non-polar	I
SYM2_001458	SYM2_001242	SingleMut	12	Positive	H
SYM2_001459	SYM2_001242	SingleMut	12	Non-polar	L
SYM2_001460	SYM2_001242	SingleMut	12	Non-polar	V
SYM2_001461	SYM2_001242	SingleMut	12	Aromatic	F
SYM2_001462	SYM2_001242	SingleMut	12	Non-polar	M
SYM2_001463	SYM2_001242	SingleMut	12	Polar	N
SYM2_001464	SYM2_001242	SingleMut	12	Other	C
SYM2_001465	SYM2_001242	SingleMut	12	Aromatic	W
SYM2_001466	SYM2_001242	SingleMut	12	Polar	P
SYM2_001467	SYM2_001242	SingleMut	12	Non-polar	A
SYM2_001468	SYM2_001242	SingleMut	12	Polar	Q
SYM2_001469	SYM2_001242	SingleMut	12	Positive	K
SYM2_001470	SYM2_001242	SingleMut	12	Negative	D
SYM2_001471	SYM2_001242	SingleMut	13	Non-polar	G
SYM2_001472	SYM2_001242	SingleMut	13	Aromatic	Y
SYM2_001473	SYM2_001242	SingleMut	13	Polar	T
SYM2_001474	SYM2_001242	SingleMut	13	Polar	S
SYM2_001475	SYM2_001242	SingleMut	13	Positive	R
SYM2_001476	SYM2_001242	SingleMut	13	Negative	E
SYM2_001477	SYM2_001242	SingleMut	13	Positive	H
SYM2_001478	SYM2_001242	SingleMut	13	Non-polar	L
SYM2_001479	SYM2_001242	SingleMut	13	Non-polar	V
SYM2_001480	SYM2_001242	SingleMut	13	Aromatic	F
SYM2_001481	SYM2_001242	SingleMut	13	Non-polar	M
SYM2_001482	SYM2_001242	SingleMut	13	Polar	N
SYM2_001483	SYM2_001242	SingleMut	13	Other	C
SYM2_001484	SYM2_001242	SingleMut	13	Aromatic	W
SYM2_001485	SYM2_001242	SingleMut	13	Polar	P
SYM2_001486	SYM2_001242	SingleMut	13	Non-polar	A
SYM2_001487	SYM2_001242	SingleMut	13	Polar	Q
SYM2_001488	SYM2_001242	SingleMut	13	Positive	K
SYM2_001489	SYM2_001242	SingleMut	13	Negative	D
SYM2_001490	SYM2_001242	SingleMut	14	Non-polar	G
SYM2_001491	SYM2_001242	SingleMut	14	Aromatic	Y
SYM2_001492	SYM2_001242	SingleMut	14	Polar	T
SYM2_001493	SYM2_001242	SingleMut	14	Polar	S
SYM2_001494	SYM2_001242	SingleMut	14	Positive	R
SYM2_001495	SYM2_001242	SingleMut	14	Negative	E
SYM2_001496	SYM2_001242	SingleMut	14	Non-polar	I
SYM2_001497	SYM2_001242	SingleMut	14	Positive	H
SYM2_001498	SYM2_001242	SingleMut	14	Non-polar	L
SYM2_001499	SYM2_001242	SingleMut	14	Non-polar	V
SYM2_001500	SYM2_001242	SingleMut	14	Aromatic	F
SYM2_001501	SYM2_001242	SingleMut	14	Non-polar	M
SYM2_001502	SYM2_001242	SingleMut	14	Polar	N
SYM2_001503	SYM2_001242	SingleMut	14	Other	C
SYM2_001504	SYM2_001242	SingleMut	14	Aromatic	W
SYM2_001505	SYM2_001242	SingleMut	14	Polar	P
SYM2_001506	SYM2_001242	SingleMut	14	Non-polar	A
SYM2_001507	SYM2_001242	SingleMut	14	Polar	Q
SYM2_001508	SYM2_001242	SingleMut	14	Negative	D
SYM2_001509	SYM2_001242	SingleMut	15	Aromatic	Y
SYM2_001510	SYM2_001242	SingleMut	15	Polar	T
SYM2_001511	SYM2_001242	SingleMut	15	Polar	S
SYM2_001512	SYM2_001242	SingleMut	15	Positive	R
SYM2_001513	SYM2_001242	SingleMut	15	Negative	E
SYM2_001514	SYM2_001242	SingleMut	15	Non-polar	I
SYM2_001515	SYM2_001242	SingleMut	15	Positive	H
SYM2_001516	SYM2_001242	SingleMut	15	Non-polar	L
SYM2_001517	SYM2_001242	SingleMut	15	Non-polar	V
SYM2_001518	SYM2_001242	SingleMut	15	Aromatic	F
SYM2_001519	SYM2_001242	SingleMut	15	Non-polar	M
SYM2_001520	SYM2_001242	SingleMut	15	Polar	N
SYM2_001521	SYM2_001242	SingleMut	15	Other	C
SYM2_001522	SYM2_001242	SingleMut	15	Aromatic	W
SYM2_001523	SYM2_001242	SingleMut	15	Polar	P
SYM2_001524	SYM2_001242	SingleMut	15	Non-polar	A
SYM2_001525	SYM2_001242	SingleMut	15	Polar	Q
SYM2_001526	SYM2_001242	SingleMut	15	Positive	K
SYM2_001527	SYM2_001242	SingleMut	15	Negative	D
SYM2_001528	SYM2_001242	SingleMut	16	Non-polar	G
SYM2_001529	SYM2_001242	SingleMut	16	Aromatic	Y
SYM2_001530	SYM2_001242	SingleMut	16	Polar	T
SYM2_001531	SYM2_001242	SingleMut	16	Polar	S
SYM2_001532	SYM2_001242	SingleMut	16	Positive	R
SYM2_001533	SYM2_001242	SingleMut	16	Negative	E
SYM2_001534	SYM2_001242	SingleMut	16	Non-polar	I
SYM2_001535	SYM2_001242	SingleMut	16	Positive	H
SYM2_001536	SYM2_001242	SingleMut	16	Non-polar	L
SYM2_001537	SYM2_001242	SingleMut	16	Non-polar	V
SYM2_001538	SYM2_001242	SingleMut	16	Aromatic	F
SYM2_001539	SYM2_001242	SingleMut	16	Polar	N
SYM2_001540	SYM2_001242	SingleMut	16	Other	C
SYM2_001541	SYM2_001242	SingleMut	16	Aromatic	W
SYM2_001542	SYM2_001242	SingleMut	16	Polar	P
SYM2_001543	SYM2_001242	SingleMut	16	Non-polar	A
SYM2_001544	SYM2_001242	SingleMut	16	Polar	Q
SYM2_001545	SYM2_001242	SingleMut	16	Positive	K
SYM2_001546	SYM2_001242	SingleMut	16	Negative	D
SYM2_001547	SYM2_001242	SingleMut	17	Non-polar	G
SYM2_001548	SYM2_001242	SingleMut	17	Aromatic	Y
SYM2_001549	SYM2_001242	SingleMut	17	Polar	T
SYM2_001550	SYM2_001242	SingleMut	17	Polar	S
SYM2_001551	SYM2_001242	SingleMut	17	Positive	R
SYM2_001552	SYM2_001242	SingleMut	17	Negative	E
SYM2_001553	SYM2_001242	SingleMut	17	Non-polar	I
SYM2_001554	SYM2_001242	SingleMut	17	Positive	H
SYM2_001555	SYM2_001242	SingleMut	17	Non-polar	V
SYM2_001556	SYM2_001242	SingleMut	17	Aromatic	F
SYM2_001557	SYM2_001242	SingleMut	17	Non-polar	M
SYM2_001558	SYM2_001242	SingleMut	17	Polar	N
SYM2_001559	SYM2_001242	SingleMut	17	Other	C
SYM2_001560	SYM2_001242	SingleMut	17	Aromatic	W
SYM2_001561	SYM2_001242	SingleMut	17	Polar	P
SYM2_001562	SYM2_001242	SingleMut	17	Non-polar	A
SYM2_001563	SYM2_001242	SingleMut	17	Polar	Q
SYM2_001564	SYM2_001242	SingleMut	17	Positive	K
SYM2_001565	SYM2_001242	SingleMut	17	Negative	D
SYM2_001566	SYM2_001242	SingleMut	18	Non-polar	G
SYM2_001567	SYM2_001242	SingleMut	18	Aromatic	Y
SYM2_001568	SYM2_001242	SingleMut	18	Polar	T
SYM2_001569	SYM2_001242	SingleMut	18	Polar	S
SYM2_001570	SYM2_001242	SingleMut	18	Positive	R
SYM2_001571	SYM2_001242	SingleMut	18	Negative	E
SYM2_001572	SYM2_001242	SingleMut	18	Non-polar	I
SYM2_001573	SYM2_001242	SingleMut	18	Positive	H
SYM2_001574	SYM2_001242	SingleMut	18	Non-polar	L
SYM2_001575	SYM2_001242	SingleMut	18	Non-polar	V
SYM2_001576	SYM2_001242	SingleMut	18	Aromatic	F
SYM2_001577	SYM2_001242	SingleMut	18	Non-polar	M
SYM2_001578	SYM2_001242	SingleMut	18	Polar	N
SYM2_001579	SYM2_001242	SingleMut	18	Aromatic	W
SYM2_001580	SYM2_001242	SingleMut	18	Polar	P
SYM2_001581	SYM2_001242	SingleMut	18	Non-polar	A
SYM2_001582	SYM2_001242	SingleMut	18	Polar	Q
SYM2_001583	SYM2_001242	SingleMut	18	Positive	K
SYM2_001584	SYM2_001242	SingleMut	18	Negative	D
SYM2_001585	SYM2_001242	SingleMut	19	Non-polar	G
SYM2_001586	SYM2_001242	SingleMut	19	Aromatic	Y
SYM2_001587	SYM2_001242	SingleMut	19	Polar	T
SYM2_001588	SYM2_001242	SingleMut	19	Polar	S
SYM2_001589	SYM2_001242	SingleMut	19	Positive	R
SYM2_001590	SYM2_001242	SingleMut	19	Negative	E
SYM2_001591	SYM2_001242	SingleMut	19	Non-polar	I
SYM2_001592	SYM2_001242	SingleMut	19	Positive	H
SYM2_001593	SYM2_001242	SingleMut	19	Non-polar	V
SYM2_001594	SYM2_001242	SingleMut	19	Aromatic	F
SYM2_001595	SYM2_001242	SingleMut	19	Non-polar	M
SYM2_001596	SYM2_001242	SingleMut	19	Polar	N
SYM2_001597	SYM2_001242	SingleMut	19	Other	C
SYM2_001598	SYM2_001242	SingleMut	19	Aromatic	W
SYM2_001599	SYM2_001242	SingleMut	19	Polar	P
SYM2_001600	SYM2_001242	SingleMut	19	Non-polar	A
SYM2_001601	SYM2_001242	SingleMut	19	Polar	Q
SYM2_001602	SYM2_001242	SingleMut	19	Positive	K
SYM2_001603	SYM2_001242	SingleMut	19	Negative	D
SYM2_001604	SYM2_001242	SingleMut	20	Non-polar	G
SYM2_001605	SYM2_001242	SingleMut	20	Aromatic	Y
SYM2_001606	SYM2_001242	SingleMut	20	Polar	T
SYM2_001607	SYM2_001242	SingleMut	20	Polar	S
SYM2_001608	SYM2_001242	SingleMut	20	Positive	R
SYM2_001609	SYM2_001242	SingleMut	20	Negative	E
SYM2_001610	SYM2_001242	SingleMut	20	Non-polar	I
SYM2_001611	SYM2_001242	SingleMut	20	Positive	H
SYM2_001612	SYM2_001242	SingleMut	20	Non-polar	L
SYM2_001613	SYM2_001242	SingleMut	20	Non-polar	V
SYM2_001614	SYM2_001242	SingleMut	20	Non-polar	M
SYM2_001615	SYM2_001242	SingleMut	20	Polar	N
SYM2_001616	SYM2_001242	SingleMut	20	Other	C
SYM2_001617	SYM2_001242	SingleMut	20	Aromatic	W
SYM2_001618	SYM2_001242	SingleMut	20	Polar	P
SYM2_001619	SYM2_001242	SingleMut	20	Non-polar	A
SYM2_001620	SYM2_001242	SingleMut	20	Polar	Q
SYM2_001621	SYM2_001242	SingleMut	20	Positive	K
SYM2_001622	SYM2_001242	SingleMut	20	Negative	D
SYM2_001623	SYM2_001242	SingleMut	21	Non-polar	G
SYM2_001624	SYM2_001242	SingleMut	21	Aromatic	Y
SYM2_001625	SYM2_001242	SingleMut	21	Polar	T
SYM2_001626	SYM2_001242	SingleMut	21	Polar	S
SYM2_001627	SYM2_001242	SingleMut	21	Positive	R
SYM2_001628	SYM2_001242	SingleMut	21	Negative	E
SYM2_001629	SYM2_001242	SingleMut	21	Non-polar	I
SYM2_001630	SYM2_001242	SingleMut	21	Positive	H
SYM2_001631	SYM2_001242	SingleMut	21	Non-polar	L
SYM2_001632	SYM2_001242	SingleMut	21	Non-polar	V
SYM2_001633	SYM2_001242	SingleMut	21	Aromatic	F
SYM2_001634	SYM2_001242	SingleMut	21	Non-polar	M
SYM2_001635	SYM2_001242	SingleMut	21	Polar	N
SYM2_001636	SYM2_001242	SingleMut	21	Other	C
SYM2_001637	SYM2_001242	SingleMut	21	Aromatic	W
SYM2_001638	SYM2_001242	SingleMut	21	Polar	P
SYM2_001639	SYM2_001242	SingleMut	21	Non-polar	A
SYM2_001640	SYM2_001242	SingleMut	21	Positive	K
SYM2_001641	SYM2_001242	SingleMut	21	Negative	D
SYM2_001642	SYM2_001242	SingleMut	22	Non-polar	G
SYM2_001643	SYM2_001242	SingleMut	22	Aromatic	Y
SYM2_001644	SYM2_001242	SingleMut	22	Polar	S
SYM2_001645	SYM2_001242	SingleMut	22	Positive	R
SYM2_001646	SYM2_001242	SingleMut	22	Negative	E
SYM2_001647	SYM2_001242	SingleMut	22	Non-polar	I
SYM2_001648	SYM2_001242	SingleMut	22	Positive	H
SYM2_001649	SYM2_001242	SingleMut	22	Non-polar	L
SYM2_001650	SYM2_001242	SingleMut	22	Non-polar	V
SYM2_001651	SYM2_001242	SingleMut	22	Aromatic	F
SYM2_001652	SYM2_001242	SingleMut	22	Non-polar	M
SYM2_001653	SYM2_001242	SingleMut	22	Polar	N
SYM2_001654	SYM2_001242	SingleMut	22	Other	C
SYM2_001655	SYM2_001242	SingleMut	22	Aromatic	W
SYM2_001656	SYM2_001242	SingleMut	22	Polar	P
SYM2_001657	SYM2_001242	SingleMut	22	Non-polar	A
SYM2_001658	SYM2_001242	SingleMut	22	Polar	Q
SYM2_001659	SYM2_001242	SingleMut	22	Positive	K
SYM2_001660	SYM2_001242	SingleMut	22	Negative	D
SYM2_001661	SYM2_001242	SingleMut	23	Non-polar	G
SYM2_001662	SYM2_001242	SingleMut	23	Aromatic	Y
SYM2_001663	SYM2_001242	SingleMut	23	Polar	S
SYM2_001664	SYM2_001242	SingleMut	23	Positive	R
SYM2_001665	SYM2_001242	SingleMut	23	Negative	E
SYM2_001666	SYM2_001242	SingleMut	23	Non-polar	I
SYM2_001667	SYM2_001242	SingleMut	23	Positive	H
SYM2_001668	SYM2_001242	SingleMut	23	Non-polar	L
SYM2_001669	SYM2_001242	SingleMut	23	Non-polar	V
SYM2_001670	SYM2_001242	SingleMut	23	Aromatic	F
SYM2_001671	SYM2_001242	SingleMut	23	Non-polar	M
SYM2_001672	SYM2_001242	SingleMut	23	Polar	N
SYM2_001673	SYM2_001242	SingleMut	23	Other	C
SYM2_001674	SYM2_001242	SingleMut	23	Aromatic	W
SYM2_001675	SYM2_001242	SingleMut	23	Polar	P
SYM2_001676	SYM2_001242	SingleMut	23	Non-polar	A
SYM2_001677	SYM2_001242	SingleMut	23	Polar	Q
SYM2_001678	SYM2_001242	SingleMut	23	Positive	K
SYM2_001679	SYM2_001242	SingleMut	23	Negative	D
SYM2_001680	SYM2_001242	SingleMut	24	Non-polar	G
SYM2_001681	SYM2_001242	SingleMut	24	Aromatic	Y
SYM2_001682	SYM2_001242	SingleMut	24	Polar	T
SYM2_001683	SYM2_001242	SingleMut	24	Polar	S
SYM2_001684	SYM2_001242	SingleMut	24	Positive	R
SYM2_001685	SYM2_001242	SingleMut	24	Non-polar	I
SYM2_001686	SYM2_001242	SingleMut	24	Positive	H
SYM2_001687	SYM2_001242	SingleMut	24	Non-polar	L
SYM2_001688	SYM2_001242	SingleMut	24	Non-polar	V
SYM2_001689	SYM2_001242	SingleMut	24	Aromatic	F
SYM2_001690	SYM2_001242	SingleMut	24	Non-polar	M
SYM2_001691	SYM2_001242	SingleMut	24	Polar	N
SYM2_001692	SYM2_001242	SingleMut	24	Other	C
SYM2_001693	SYM2_001242	SingleMut	24	Aromatic	W
SYM2_001694	SYM2_001242	SingleMut	24	Polar	P
SYM2_001695	SYM2_001242	SingleMut	24	Non-polar	A
SYM2_001696	SYM2_001242	SingleMut	24	Polar	Q
SYM2_001697	SYM2_001242	SingleMut	24	Positive	K
SYM2_001698	SYM2_001242	SingleMut	24	Negative	D
SYM2_001699	SYM2_001242	SingleMut	25	Non-polar	G
SYM2_001700	SYM2_001242	SingleMut	25	Aromatic	Y
SYM2_001701	SYM2_001242	SingleMut	25	Polar	T
SYM2_001702	SYM2_001242	SingleMut	25	Polar	S
SYM2_001703	SYM2_001242	SingleMut	25	Positive	R
SYM2_001704	SYM2_001242	SingleMut	25	Negative	E
SYM2_001705	SYM2_001242	SingleMut	25	Non-polar	I
SYM2_001706	SYM2_001242	SingleMut	25	Positive	H
SYM2_001707	SYM2_001242	SingleMut	25	Non-polar	L
SYM2_001708	SYM2_001242	SingleMut	25	Non-polar	V
SYM2_001709	SYM2_001242	SingleMut	25	Aromatic	F
SYM2_001710	SYM2_001242	SingleMut	25	Non-polar	M
SYM2_001711	SYM2_001242	SingleMut	25	Polar	N
SYM2_001712	SYM2_001242	SingleMut	25	Other	C
SYM2_001713	SYM2_001242	SingleMut	25	Aromatic	W
SYM2_001714	SYM2_001242	SingleMut	25	Polar	P
SYM2_001715	SYM2_001242	SingleMut	25	Non-polar	A
SYM2_001716	SYM2_001242	SingleMut	25	Polar	Q
SYM2_001717	SYM2_001242	SingleMut	25	Positive	K
SYM2_001718	SYM2_001242	SingleMut	26	Non-polar	G
SYM2_001719	SYM2_001242	SingleMut	26	Aromatic	Y
SYM2_001720	SYM2_001242	SingleMut	26	Polar	T
SYM2_001721	SYM2_001242	SingleMut	26	Polar	S
SYM2_001722	SYM2_001242	SingleMut	26	Negative	E
SYM2_001723	SYM2_001242	SingleMut	26	Non-polar	I
SYM2_001724	SYM2_001242	SingleMut	26	Positive	H
SYM2_001725	SYM2_001242	SingleMut	26	Non-polar	L
SYM2_001726	SYM2_001242	SingleMut	26	Non-polar	V
SYM2_001727	SYM2_001242	SingleMut	26	Aromatic	F
SYM2_001728	SYM2_001242	SingleMut	26	Non-polar	M
SYM2_001729	SYM2_001242	SingleMut	26	Polar	N
SYM2_001730	SYM2_001242	SingleMut	26	Other	C
SYM2_001731	SYM2_001242	SingleMut	26	Aromatic	W
SYM2_001732	SYM2_001242	SingleMut	26	Polar	P
SYM2_001733	SYM2_001242	SingleMut	26	Non-polar	A
SYM2_001734	SYM2_001242	SingleMut	26	Polar	Q
SYM2_001735	SYM2_001242	SingleMut	26	Positive	K
SYM2_001736	SYM2_001242	SingleMut	26	Negative	D
SYM2_001737	SYM2_001242	SingleMut	27	Non-polar	G
SYM2_001738	SYM2_001242	SingleMut	27	Aromatic	Y
SYM2_001739	SYM2_001242	SingleMut	27	Polar	T
SYM2_001740	SYM2_001242	SingleMut	27	Polar	S
SYM2_001741	SYM2_001242	SingleMut	27	Positive	R
SYM2_001742	SYM2_001242	SingleMut	27	Negative	E
SYM2_001743	SYM2_001242	SingleMut	27	Non-polar	I
SYM2_001744	SYM2_001242	SingleMut	27	Positive	H
SYM2_001745	SYM2_001242	SingleMut	27	Non-polar	V
SYM2_001746	SYM2_001242	SingleMut	27	Aromatic	F
SYM2_001747	SYM2_001242	SingleMut	27	Non-polar	M
SYM2_001748	SYM2_001242	SingleMut	27	Polar	N
SYM2_001749	SYM2_001242	SingleMut	27	Other	C
SYM2_001750	SYM2_001242	SingleMut	27	Aromatic	W
SYM2_001751	SYM2_001242	SingleMut	27	Polar	P
SYM2_001752	SYM2_001242	SingleMut	27	Non-polar	A
SYM2_001753	SYM2_001242	SingleMut	27	Polar	Q
SYM2_001754	SYM2_001242	SingleMut	27	Positive	K
SYM2_001755	SYM2_001242	SingleMut	27	Negative	D
SYM2_001756	SYM2_001242	SingleMut	28	Non-polar	G
SYM2_001757	SYM2_001242	SingleMut	28	Aromatic	Y
SYM2_001758	SYM2_001242	SingleMut	28	Polar	T
SYM2_001759	SYM2_001242	SingleMut	28	Positive	R
SYM2_001760	SYM2_001242	SingleMut	28	Negative	E
SYM2_001761	SYM2_001242	SingleMut	28	Non-polar	I
SYM2_001762	SYM2_001242	SingleMut	28	Positive	H
SYM2_001763	SYM2_001242	SingleMut	28	Non-polar	L
SYM2_001764	SYM2_001242	SingleMut	28	Non-polar	V
SYM2_001765	SYM2_001242	SingleMut	28	Aromatic	F
SYM2_001766	SYM2_001242	SingleMut	28	Non-polar	M
SYM2_001767	SYM2_001242	SingleMut	28	Polar	N
SYM2_001768	SYM2_001242	SingleMut	28	Other	C
SYM2_001769	SYM2_001242	SingleMut	28	Aromatic	W
SYM2_001770	SYM2_001242	SingleMut	28	Polar	P
SYM2_001771	SYM2_001242	SingleMut	28	Non-polar	A
SYM2_001772	SYM2_001242	SingleMut	28	Polar	Q
SYM2_001773	SYM2_001242	SingleMut	28	Positive	K
SYM2_001774	SYM2_001242	SingleMut	28	Negative	D
SYM2_001775	SYM2_001242	SingleMut	29	Non-polar	G
SYM2_001776	SYM2_001242	SingleMut	29	Polar	T
SYM2_001777	SYM2_001242	SingleMut	29	Polar	S
SYM2_001778	SYM2_001242	SingleMut	29	Positive	R
SYM2_001779	SYM2_001242	SingleMut	29	Negative	E
SYM2_001780	SYM2_001242	SingleMut	29	Non-polar	I
SYM2_001781	SYM2_001242	SingleMut	29	Positive	H
SYM2_001782	SYM2_001242	SingleMut	29	Non-polar	L
SYM2_001783	SYM2_001242	SingleMut	29	Non-polar	V
SYM2_001784	SYM2_001242	SingleMut	29	Aromatic	F
SYM2_001785	SYM2_001242	SingleMut	29	Non-polar	M
SYM2_001786	SYM2_001242	SingleMut	29	Polar	N
SYM2_001787	SYM2_001242	SingleMut	29	Other	C
SYM2_001788	SYM2_001242	SingleMut	29	Aromatic	W
SYM2_001789	SYM2_001242	SingleMut	29	Polar	P
SYM2_001790	SYM2_001242	SingleMut	29	Non-polar	A
SYM2_001791	SYM2_001242	SingleMut	29	Polar	Q
SYM2_001792	SYM2_001242	SingleMut	29	Positive	K
SYM2_001793	SYM2_001242	SingleMut	29	Negative	D
SYM2_001794	SYM2_001242	SingleMut	30	Non-polar	G
SYM2_001795	SYM2_001242	SingleMut	30	Aromatic	Y
SYM2_001796	SYM2_001242	SingleMut	30	Polar	T
SYM2_001797	SYM2_001242	SingleMut	30	Polar	S
SYM2_001798	SYM2_001242	SingleMut	30	Positive	R
SYM2_001799	SYM2_001242	SingleMut	30	Negative	E
SYM2_001800	SYM2_001242	SingleMut	30	Non-polar	I
SYM2_001801	SYM2_001242	SingleMut	30	Positive	H
SYM2_001802	SYM2_001242	SingleMut	30	Non-polar	L
SYM2_001803	SYM2_001242	SingleMut	30	Non-polar	V
SYM2_001804	SYM2_001242	SingleMut	30	Aromatic	F
SYM2_001805	SYM2_001242	SingleMut	30	Non-polar	M
SYM2_001806	SYM2_001242	SingleMut	30	Other	C
SYM2_001807	SYM2_001242	SingleMut	30	Aromatic	W
SYM2_001808	SYM2_001242	SingleMut	30	Polar	P
SYM2_001809	SYM2_001242	SingleMut	30	Non-polar	A
SYM2_001810	SYM2_001242	SingleMut	30	Polar	Q
SYM2_001811	SYM2_001242	SingleMut	30	Positive	K
SYM2_001812	SYM2_001242	SingleMut	30	Negative	D
